Time	Open	High	Low	Close
2020.07.19 00:00:00	0.90911	0.91037	0.90865	0.91015
2020.07.20 00:00:00	0.91016	0.91372	0.903	0.90472
2020.07.21 00:00:00	0.90473	0.90649	0.90003	0.90588
2020.07.22 00:00:00	0.90589	0.9136	0.9052	0.90857
2020.07.23 00:00:00	0.90856	0.91236	0.9084	0.9108
2020.07.24 00:00:00	0.91081	0.91241	0.90829	0.91078
2020.07.26 00:00:00	0.9098	0.91097	0.90977	0.91048
2020.07.27 00:00:00	0.91047	0.91473	0.90997	0.91303
2020.07.28 00:00:00	0.91301	0.9134	0.90522	0.90663
2020.07.29 00:00:00	0.90664	0.90864	0.90346	0.90759
2020.07.30 00:00:00	0.90761	0.9078	0.9016	0.90511
2020.07.31 00:00:00	0.90513	0.90621	0.89799	0.89994
2020.08.02 00:00:00	0.90007	0.90059	0.8992	0.89928
2020.08.03 00:00:00	0.89929	0.90142	0.89815	0.89916
2020.08.04 00:00:00	0.89915	0.904	0.89908	0.90279
2020.08.05 00:00:00	0.90277	0.90578	0.90114	0.90447
2020.08.06 00:00:00	0.90445	0.90526	0.8984	0.90385
2020.08.07 00:00:00	0.90384	0.90415	0.90149	0.90303
2020.08.09 00:00:00	0.90238	0.90283	0.90199	0.90264
2020.08.10 00:00:00	0.90262	0.90287	0.89744	0.89744
2020.08.11 00:00:00	0.89746	0.90083	0.89689	0.89906
2020.08.12 00:00:00	0.89905	0.90522	0.89887	0.90397
2020.08.13 00:00:00	0.90395	0.90515	0.90298	0.90396
2020.08.14 00:00:00	0.90397	0.90494	0.90001	0.90462
2020.08.16 00:00:00	0.90448	0.90469	0.90334	0.90429
2020.08.17 00:00:00	0.90427	0.90692	0.90346	0.90595
2020.08.18 00:00:00	0.90594	0.90601	0.90062	0.90135
2020.08.19 00:00:00	0.90134	0.9045	0.90028	0.90337
2020.08.20 00:00:00	0.90339	0.90678	0.89691	0.89787
2020.08.21 00:00:00	0.89786	0.9015	0.89436	0.90108
2020.08.23 00:00:00	0.90095	0.90128	0.90051	0.90106
2020.08.24 00:00:00	0.90105	0.90434	0.90012	0.90221
2020.08.25 00:00:00	0.90222	0.90364	0.89822	0.89985
2020.08.26 00:00:00	0.89987	0.90029	0.89463	0.89563
2020.08.27 00:00:00	0.89565	0.89638	0.89288	0.89541
2020.08.28 00:00:00	0.89543	0.89736	0.89081	0.89143
2020.08.30 00:00:00	0.89189	0.89236	0.89154	0.89225
2020.08.31 00:00:00	0.89227	0.89658	0.89165	0.89314
2020.09.01 00:00:00	0.89315	0.89454	0.8888	0.88968
2020.09.02 00:00:00	0.88966	0.89068	0.88734	0.88739
2020.09.03 00:00:00	0.88741	0.89335	0.88651	0.8927
2020.09.04 00:00:00	0.89269	0.89509	0.88992	0.89134
2020.09.06 00:00:00	0.89296	0.89392	0.89265	0.89329
2020.09.07 00:00:00	0.89331	0.89932	0.89288	0.89795
2020.09.08 00:00:00	0.89794	0.90777	0.89733	0.90752
2020.09.09 00:00:00	0.9075	0.913	0.90671	0.90802
2020.09.10 00:00:00	0.908	0.92696	0.9077	0.9231
2020.09.11 00:00:00	0.92311	0.92906	0.92096	0.92559
2020.09.13 00:00:00	0.9261	0.92631	0.92444	0.92446
2020.09.14 00:00:00	0.92447	0.92502	0.92004	0.92352
2020.09.15 00:00:00	0.92353	0.92582	0.91831	0.9191
2020.09.16 00:00:00	0.91913	0.92063	0.90939	0.91073
2020.09.17 00:00:00	0.9107	0.91689	0.90823	0.91298
2020.09.18 00:00:00	0.91297	0.91766	0.91144	0.91649
2020.09.20 00:00:00	0.91604	0.9162	0.91518	0.91588
2020.09.21 00:00:00	0.91586	0.91962	0.9146	0.91761
2020.09.22 00:00:00	0.9176	0.92193	0.91433	0.91863
2020.09.23 00:00:00	0.91861	0.92174	0.91359	0.91673
2020.09.24 00:00:00	0.91675	0.91798	0.91124	0.91508
2020.09.25 00:00:00	0.91511	0.91678	0.91182	0.91221
2020.09.27 00:00:00	0.90986	0.91187	0.90976	0.91139
2020.09.28 00:00:00	0.91141	0.9117	0.90248	0.90698
2020.09.29 00:00:00	0.90701	0.9145	0.90616	0.91261
2020.09.30 00:00:00	0.91262	0.91563	0.90661	0.90756
2020.10.01 00:00:00	0.90757	0.91548	0.90617	0.91131
2020.10.02 00:00:00	0.9113	0.91227	0.90435	0.90552
2020.10.04 00:00:00	0.90597	0.90666	0.90556	0.90638
2020.10.05 00:00:00	0.90637	0.90897	0.9053	0.9073
2020.10.06 00:00:00	0.90729	0.91252	0.90601	0.91093
2020.10.07 00:00:00	0.91094	0.91613	0.90943	0.91084
2020.10.08 00:00:00	0.91082	0.91219	0.90692	0.9093
2020.10.09 00:00:00	0.90931	0.91312	0.90636	0.90669
2020.10.11 00:00:00	0.9065	0.90693	0.90596	0.90669
2020.10.12 00:00:00	0.9067	0.90778	0.90276	0.90412
2020.10.13 00:00:00	0.90415	0.90845	0.90186	0.90771
2020.10.14 00:00:00	0.90772	0.91206	0.90063	0.90255
2020.10.15 00:00:00	0.90253	0.90766	0.90158	0.90719
2020.10.16 00:00:00	0.9072	0.91093	0.90432	0.90698
2020.10.18 00:00:00	0.90746	0.90763	0.90595	0.90628
2020.10.19 00:00:00	0.90627	0.90972	0.90219	0.90885
2020.10.20 00:00:00	0.90888	0.91476	0.90789	0.91295
2020.10.21 00:00:00	0.91292	0.91322	0.90108	0.90261
2020.10.22 00:00:00	0.90262	0.90452	0.9014	0.90333
2020.10.23 00:00:00	0.90334	0.91063	0.90207	0.90901
2020.10.25 00:00:00	0.90766	0.90819	0.90673	0.90761
2020.10.26 00:00:00	0.9076	0.91052	0.90405	0.90724
2020.10.27 00:00:00	0.90725	0.90841	0.9027	0.90408
2020.10.28 00:00:00	0.90405	0.90751	0.90143	0.90437
2020.10.29 00:00:00	0.90438	0.90585	0.90057	0.90302
2020.10.30 00:00:00	0.903	0.90518	0.89834	0.89899
2020.11.01 00:00:00	0.90026	0.90088	0.89961	0.90039
2020.11.02 00:00:00	0.90054	0.90479	0.89946	0.90058
2020.11.03 00:00:00	0.90073	0.90239	0.89557	0.89628
2020.11.04 00:00:00	0.89643	0.90585	0.89449	0.90461
2020.11.05 00:00:00	0.90476	0.9068	0.8986	0.89917
2020.11.06 00:00:00	0.89932	0.9054	0.89896	0.90296
2020.11.08 00:00:00	0.90274	0.90319	0.90199	0.90214
2020.11.09 00:00:00	0.90224	0.90477	0.89683	0.89768
2020.11.10 00:00:00	0.89782	0.89789	0.88834	0.891
2020.11.11 00:00:00	0.89116	0.89177	0.88604	0.89056
2020.11.12 00:00:00	0.89071	0.90036	0.89058	0.89939
2020.11.13 00:00:00	0.89954	0.90027	0.89634	0.89648
2020.11.15 00:00:00	0.89721	0.89759	0.89552	0.89574
2020.11.16 00:00:00	0.89591	0.89943	0.89544	0.89672
2020.11.17 00:00:00	0.89687	0.89811	0.89384	0.89467
2020.11.18 00:00:00	0.89482	0.89574	0.89144	0.89364
2020.11.19 00:00:00	0.89379	0.8963	0.89234	0.89544
2020.11.20 00:00:00	0.89559	0.89591	0.89179	0.89222
2020.11.22 00:00:00	0.89142	0.89179	0.89118	0.89169
2020.11.23 00:00:00	0.89184	0.89206	0.8866	0.88841
2020.11.24 00:00:00	0.88856	0.89124	0.88737	0.89017
2020.11.25 00:00:00	0.89032	0.89376	0.88892	0.89015
2020.11.26 00:00:00	0.8903	0.89338	0.89021	0.89175
2020.11.27 00:00:00	0.8919	0.89975	0.89146	0.89768
2020.11.29 00:00:00	0.89717	0.89767	0.89703	0.89755
2020.11.30 00:00:00	0.89776	0.90001	0.89407	0.89494
2020.12.01 00:00:00	0.89509	0.90065	0.89281	0.89911
2020.12.02 00:00:00	0.89926	0.90832	0.89849	0.90592
2020.12.03 00:00:00	0.90607	0.90646	0.89979	0.90263
2020.12.04 00:00:00	0.90277	0.90664	0.89822	0.90214
2020.12.06 00:00:00	0.90347	0.90361	0.90258	0.9032
2020.12.07 00:00:00	0.90338	0.91405	0.90278	0.90646
2020.12.08 00:00:00	0.90665	0.91155	0.90449	0.90583
2020.12.09 00:00:00	0.90598	0.90796	0.89826	0.90347
2020.12.10 00:00:00	0.90362	0.91413	0.90226	0.91266
2020.12.11 00:00:00	0.91281	0.9229	0.91148	0.91552
2020.12.13 00:00:00	0.90931	0.91083	0.90883	0.91071
2020.12.14 00:00:00	0.91105	0.91206	0.90447	0.91145
2020.12.15 00:00:00	0.9116	0.91481	0.90194	0.90366
2020.12.16 00:00:00	0.9038	0.90549	0.89914	0.90305
2020.12.17 00:00:00	0.9032	0.90498	0.89825	0.90345
2020.12.18 00:00:00	0.9036	0.90838	0.90311	0.90615
2020.12.20 00:00:00	0.91058	0.9115	0.90928	0.9109
2020.12.21 00:00:00	0.91116	0.92166	0.90692	0.90958
2020.12.22 00:00:00	0.90973	0.91565	0.90835	0.90916
2020.12.23 00:00:00	0.90931	0.90969	0.90008	0.90216
2020.12.24 00:00:00	0.90234	0.9031	0.89527	0.89895
2020.12.27 00:00:00	0.89882	0.89988	0.89864	0.89909
2020.12.28 00:00:00	0.89927	0.90912	0.89907	0.90731
2020.12.29 00:00:00	0.90746	0.90924	0.90561	0.90751
2020.12.30 00:00:00	0.90766	0.90851	0.90125	0.90217
2020.12.31 00:00:00	0.90232	0.9031	0.893	0.89359
2021.01.03 00:00:00	0.89537	0.89561	0.89475	0.89517
2021.01.04 00:00:00	0.89533	0.90478	0.89431	0.90263
2021.01.05 00:00:00	0.90277	0.90536	0.9013	0.90229
2021.01.06 00:00:00	0.90244	0.90843	0.90166	0.90542
2021.01.07 00:00:00	0.90557	0.90763	0.90148	0.90399
2021.01.08 00:00:00	0.90414	0.90449	0.89925	0.90076
2021.01.10 00:00:00	0.90096	0.90162	0.89994	0.90125
2021.01.11 00:00:00	0.90145	0.90362	0.89848	0.899
2021.01.12 00:00:00	0.89916	0.89948	0.89198	0.89306
2021.01.13 00:00:00	0.89321	0.89336	0.8883	0.89092
2021.01.14 00:00:00	0.89107	0.89154	0.88686	0.88776
2021.01.15 00:00:00	0.8879	0.89063	0.88652	0.8886
2021.01.17 00:00:00	0.88781	0.88899	0.88776	0.88891
2021.01.18 00:00:00	0.88906	0.8924	0.88837	0.88897
2021.01.19 00:00:00	0.88912	0.89178	0.88829	0.88946
2021.01.20 00:00:00	0.88961	0.89031	0.8837	0.8862
2021.01.21 00:00:00	0.88635	0.88683	0.88292	0.88592
2021.01.22 00:00:00	0.88607	0.89177	0.88593	0.88945
2021.01.24 00:00:00	0.88882	0.88917	0.88864	0.88882
2021.01.25 00:00:00	0.88896	0.88958	0.88678	0.88769
2021.01.26 00:00:00	0.88784	0.89041	0.88466	0.88495
2021.01.27 00:00:00	0.8851	0.88563	0.88119	0.88509
2021.01.28 00:00:00	0.88524	0.88831	0.88222	0.88293
2021.01.29 00:00:00	0.88307	0.88698	0.8825	0.88561
2021.01.31 00:00:00	0.88452	0.88502	0.88427	0.88485
2021.02.01 00:00:00	0.885	0.88507	0.8804	0.88218
2021.02.02 00:00:00	0.88233	0.88361	0.87948	0.88099
2021.02.03 00:00:00	0.88115	0.88255	0.87968	0.88193
2021.02.04 00:00:00	0.88209	0.88388	0.8744	0.875
2021.02.05 00:00:00	0.87514	0.87767	0.87379	0.87703
2021.02.07 00:00:00	0.87678	0.87717	0.87608	0.87678
2021.02.08 00:00:00	0.87693	0.87921	0.87613	0.8766
2021.02.09 00:00:00	0.87675	0.87964	0.87615	0.87678
2021.02.10 00:00:00	0.87694	0.87793	0.87508	0.87601
2021.02.11 00:00:00	0.87616	0.87873	0.87522	0.87809
2021.02.12 00:00:00	0.87824	0.87905	0.87431	0.87473
2021.02.14 00:00:00	0.87439	0.87453	0.87367	0.8737
2021.02.15 00:00:00	0.87385	0.87391	0.8713	0.87172
2021.02.16 00:00:00	0.87187	0.87378	0.86965	0.87034
2021.02.17 00:00:00	0.87049	0.87183	0.86781	0.86861
2021.02.18 00:00:00	0.86862	0.86995	0.86405	0.8655
2021.02.19 00:00:00	0.86565	0.86776	0.86396	0.86479
2021.02.21 00:00:00	0.86409	0.86482	0.86387	0.86417
2021.02.22 00:00:00	0.86431	0.86601	0.86325	0.86444
2021.02.23 00:00:00	0.86459	0.86532	0.86015	0.86034
2021.02.24 00:00:00	0.86048	0.86154	0.85373	0.86003
2021.02.25 00:00:00	0.86018	0.86964	0.85961	0.86795
2021.02.26 00:00:00	0.86811	0.87301	0.86556	0.86686
2021.02.28 00:00:00	0.86592	0.86646	0.8646	0.86501
2021.03.01 00:00:00	0.86516	0.86604	0.86193	0.86479
2021.03.02 00:00:00	0.86494	0.86664	0.86364	0.86583
2021.03.03 00:00:00	0.86599	0.8667	0.86215	0.86507
2021.03.04 00:00:00	0.86523	0.8653	0.85957	0.86112
2021.03.05 00:00:00	0.86127	0.8651	0.86019	0.86078
2021.03.07 00:00:00	0.862	0.86215	0.86017	0.86088
2021.03.08 00:00:00	0.86099	0.86169	0.85646	0.85718
2021.03.09 00:00:00	0.85733	0.85854	0.85496	0.85645
2021.03.10 00:00:00	0.8566	0.85783	0.85492	0.85577
2021.03.11 00:00:00	0.85592	0.85811	0.85476	0.85631
2021.03.12 00:00:00	0.85645	0.85982	0.85533	0.85846
2021.03.14 00:00:00	0.85782	0.85822	0.8576	0.85779
2021.03.15 00:00:00	0.85778	0.8599	0.85537	0.85803
2021.03.16 00:00:00	0.85804	0.86388	0.85578	0.85609
2021.03.17 00:00:00	0.85608	0.86047	0.85398	0.85734
2021.03.18 00:00:00	0.85736	0.85837	0.85326	0.85586
2021.03.19 00:00:00	0.85587	0.85893	0.85348	0.85846
2021.03.21 00:00:00	0.85765	0.85916	0.85742	0.85896
2021.03.22 00:00:00	0.85897	0.86269	0.85762	0.86089
2021.03.23 00:00:00	0.86088	0.86445	0.8597	0.86216
2021.03.24 00:00:00	0.86214	0.86447	0.86134	0.86287
2021.03.25 00:00:00	0.86289	0.86405	0.85599	0.85654
2021.03.26 00:00:00	0.85653	0.85708	0.85343	0.85488
2021.03.28 00:00:00	0.85468	0.85512	0.85413	0.85468
2021.03.29 00:00:00	0.85469	0.85618	0.85051	0.85431
2021.03.30 00:00:00	0.85429	0.85557	0.85202	0.85279
2021.03.31 00:00:00	0.8528	0.85367	0.85018	0.8506
2021.04.01 00:00:00	0.85059	0.85325	0.84923	0.8511
2021.04.02 00:00:00	0.85113	0.85181	0.8494	0.84971
2021.04.04 00:00:00	0.85019	0.85103	0.84997	0.85077
2021.04.05 00:00:00	0.85074	0.85088	0.84714	0.8493
2021.04.06 00:00:00	0.84931	0.85895	0.84851	0.85844
2021.04.07 00:00:00	0.85845	0.86626	0.85813	0.86388
2021.04.08 00:00:00	0.86389	0.86804	0.86208	0.86754
2021.04.09 00:00:00	0.86752	0.86965	0.86458	0.8683
2021.04.11 00:00:00	0.8671	0.86806	0.86682	0.86777
2021.04.12 00:00:00	0.86776	0.86945	0.86392	0.86602
2021.04.13 00:00:00	0.86601	0.87108	0.864	0.86872
2021.04.14 00:00:00	0.86873	0.86977	0.86683	0.86966
2021.04.15 00:00:00	0.86965	0.86967	0.86695	0.8683
2021.04.16 00:00:00	0.86831	0.87184	0.86539	0.86561
2021.04.18 00:00:00	0.86516	0.86619	0.86497	0.86612
2021.04.19 00:00:00	0.86611	0.86718	0.8588	0.86061
2021.04.20 00:00:00	0.86063	0.86424	0.86046	0.86321
2021.04.21 00:00:00	0.86322	0.86437	0.86124	0.86397
2021.04.22 00:00:00	0.86398	0.87008	0.86339	0.8681
2021.04.23 00:00:00	0.86811	0.8717	0.86714	0.87133
2021.04.25 00:00:00	0.87082	0.87187	0.87058	0.87184
2021.04.26 00:00:00	0.87183	0.87183	0.86818	0.86926
2021.04.27 00:00:00	0.86925	0.87002	0.86734	0.86946
2021.04.28 00:00:00	0.86945	0.87066	0.86848	0.86955
2021.04.29 00:00:00	0.86956	0.8701	0.86736	0.86906
2021.04.30 00:00:00	0.86905	0.87166	0.86811	0.86985
2021.05.02 00:00:00	0.87029	0.87051	0.86973	0.87028
2021.05.03 00:00:00	0.87025	0.87087	0.86641	0.86727
2021.05.04 00:00:00	0.8673	0.86886	0.8645	0.86503
2021.05.05 00:00:00	0.86504	0.86505	0.8623	0.86322
2021.05.06 00:00:00	0.86323	0.86981	0.86286	0.8682
2021.05.07 00:00:00	0.86822	0.87	0.86646	0.86944
2021.05.09 00:00:00	0.86806	0.86885	0.86673	0.86674
2021.05.10 00:00:00	0.86673	0.86715	0.85856	0.85909
2021.05.11 00:00:00	0.85907	0.8613	0.85811	0.85905
2021.05.12 00:00:00	0.85907	0.85966	0.85599	0.85879
2021.05.13 00:00:00	0.8588	0.86167	0.8584	0.85971
2021.05.14 00:00:00	0.85972	0.86266	0.85957	0.86143
2021.05.16 00:00:00	0.8605	0.86163	0.86036	0.86157
2021.05.17 00:00:00	0.86156	0.86309	0.85886	0.85918
2021.05.18 00:00:00	0.85916	0.86184	0.85813	0.86142
2021.05.19 00:00:00	0.86141	0.86425	0.86091	0.86261
2021.05.20 00:00:00	0.86262	0.86419	0.86094	0.86176
2021.05.21 00:00:00	0.86174	0.86289	0.85827	0.86064
2021.05.23 00:00:00	0.85974	0.86142	0.85956	0.86135
2021.05.24 00:00:00	0.86134	0.86488	0.86071	0.86279
2021.05.25 00:00:00	0.8628	0.86707	0.86183	0.86588
2021.05.26 00:00:00	0.86589	0.86598	0.86265	0.86368
2021.05.27 00:00:00	0.86369	0.8646	0.85766	0.85839
2021.05.28 00:00:00	0.85838	0.86058	0.85744	0.85905
2021.05.30 00:00:00	0.85919	0.85965	0.85862	0.85957
2021.05.31 00:00:00	0.85959	0.86136	0.85903	0.85974
2021.06.01 00:00:00	0.85975	0.86447	0.85843	0.86302
2021.06.02 00:00:00	0.86303	0.86384	0.85994	0.86151
2021.06.03 00:00:00	0.8615	0.86183	0.85852	0.85971
2021.06.04 00:00:00	0.85972	0.85998	0.85646	0.8591
2021.06.06 00:00:00	0.85833	0.85907	0.85799	0.85888
2021.06.07 00:00:00	0.85887	0.86119	0.85775	0.85988
2021.06.08 00:00:00	0.85987	0.86266	0.85941	0.86022
2021.06.09 00:00:00	0.86023	0.86375	0.85881	0.86296
2021.06.10 00:00:00	0.86295	0.86417	0.85817	0.85893
2021.06.11 00:00:00	0.85895	0.86053	0.85677	0.85783
2021.06.13 00:00:00	0.85793	0.85802	0.85722	0.85769
2021.06.14 00:00:00	0.85768	0.86051	0.85717	0.85903
2021.06.15 00:00:00	0.85902	0.86277	0.85824	0.86099
2021.06.16 00:00:00	0.861	0.86108	0.85666	0.85738
2021.06.17 00:00:00	0.85737	0.85793	0.85414	0.85465
2021.06.18 00:00:00	0.85466	0.85997	0.85424	0.85943
2021.06.20 00:00:00	0.85807	0.85948	0.85791	0.85908
2021.06.21 00:00:00	0.85907	0.86008	0.85451	0.85538
2021.06.22 00:00:00	0.8554	0.85817	0.8547	0.85561
2021.06.23 00:00:00	0.85564	0.85636	0.85298	0.85406
2021.06.24 00:00:00	0.85408	0.85912	0.85331	0.85704
2021.06.25 00:00:00	0.85702	0.86039	0.85677	0.85971
2021.06.27 00:00:00	0.85818	0.85971	0.85818	0.85925
2021.06.28 00:00:00	0.85926	0.85964	0.85657	0.85942
2021.06.29 00:00:00	0.85943	0.86084	0.85868	0.85976
2021.06.30 00:00:00	0.85975	0.86085	0.8565	0.85728
2021.07.01 00:00:00	0.85729	0.86149	0.85631	0.86084
2021.07.02 00:00:00	0.86085	0.86098	0.85738	0.85746
2021.07.04 00:00:00	0.85772	0.85772	0.85699	0.85713
2021.07.05 00:00:00	0.85714	0.85817	0.85593	0.85622
2021.07.06 00:00:00	0.85623	0.85758	0.85349	0.85636
2021.07.07 00:00:00	0.85638	0.85819	0.85373	0.85451
2021.07.08 00:00:00	0.85452	0.86173	0.85446	0.85898
2021.07.09 00:00:00	0.85895	0.85961	0.854	0.854
2021.07.11 00:00:00	0.85428	0.8546	0.85375	0.85413
2021.07.12 00:00:00	0.85414	0.85657	0.8535	0.85418
2021.07.13 00:00:00	0.85419	0.85569	0.85182	0.85286
2021.07.14 00:00:00	0.85287	0.85426	0.85028	0.85388
2021.07.15 00:00:00	0.85389	0.85673	0.85102	0.85408
2021.07.16 00:00:00	0.85409	0.8579	0.85231	0.85752
2021.07.18 00:00:00	0.85658	0.8584	0.85645	0.85817
2021.07.19 00:00:00	0.85815	0.86408	0.85684	0.8626
2021.07.20 00:00:00	0.86259	0.86689	0.86193	0.86402
2021.07.21 00:00:00	0.86404	0.86581	0.85926	0.85992
2021.07.22 00:00:00	0.85993	0.86092	0.85399	0.85466
2021.07.23 00:00:00	0.85468	0.85835	0.85468	0.85613
2021.07.25 00:00:00	0.85476	0.85575	0.85467	0.8557
2021.07.26 00:00:00	0.85571	0.85725	0.85309	0.85371
2021.07.27 00:00:00	0.85374	0.85554	0.85064	0.85144
2021.07.28 00:00:00	0.85145	0.85221	0.84991	0.85175
2021.07.29 00:00:00	0.85176	0.85193	0.84994	0.85144
2021.07.30 00:00:00	0.85146	0.85371	0.85095	0.85343
2021.08.01 00:00:00	0.85255	0.85387	0.85251	0.85387
2021.08.02 00:00:00	0.85384	0.85572	0.85296	0.85473
2021.08.03 00:00:00	0.85476	0.85501	0.85215	0.85278
2021.08.04 00:00:00	0.85279	0.85318	0.85042	0.85216
2021.08.05 00:00:00	0.85217	0.85273	0.84881	0.84957
2021.08.06 00:00:00	0.84955	0.84983	0.84693	0.84763
2021.08.08 00:00:00	0.84727	0.84759	0.84669	0.8471
2021.08.09 00:00:00	0.84711	0.84856	0.84604	0.84748
2021.08.10 00:00:00	0.84749	0.84797	0.84495	0.84699
2021.08.11 00:00:00	0.84697	0.84831	0.84576	0.84671
2021.08.12 00:00:00	0.84672	0.85036	0.84598	0.84967
2021.08.13 00:00:00	0.84968	0.85175	0.84953	0.85037
2021.08.15 00:00:00	0.85011	0.85063	0.84986	0.85063
2021.08.16 00:00:00	0.85061	0.85147	0.84834	0.85086
2021.08.17 00:00:00	0.85087	0.85358	0.85074	0.85211
2021.08.18 00:00:00	0.85209	0.85323	0.8505	0.85147
2021.08.19 00:00:00	0.85145	0.85671	0.85047	0.85657
2021.08.20 00:00:00	0.85655	0.85893	0.85636	0.85866
2021.08.22 00:00:00	0.85762	0.85848	0.85755	0.85844
2021.08.23 00:00:00	0.85843	0.85927	0.85497	0.85571
2021.08.24 00:00:00	0.85574	0.85718	0.85421	0.85626
2021.08.25 00:00:00	0.85627	0.85686	0.85446	0.85516
2021.08.26 00:00:00	0.85515	0.85831	0.85491	0.85783
2021.08.27 00:00:00	0.85786	0.85879	0.85586	0.85714
2021.08.29 00:00:00	0.85645	0.85738	0.85645	0.85719
2021.08.30 00:00:00	0.8572	0.8581	0.85654	0.85727
2021.08.31 00:00:00	0.85724	0.85982	0.85648	0.85868
2021.09.01 00:00:00	0.85867	0.86019	0.85731	0.85972
2021.09.02 00:00:00	0.85973	0.86002	0.8575	0.85808
2021.09.03 00:00:00	0.8581	0.85932	0.85615	0.85697
2021.09.05 00:00:00	0.85647	0.85762	0.85616	0.85761
2021.09.06 00:00:00	0.85763	0.85851	0.85656	0.8579
2021.09.07 00:00:00	0.85788	0.8613	0.85749	0.85941
2021.09.08 00:00:00	0.85942	0.86021	0.8572	0.85844
2021.09.09 00:00:00	0.85842	0.85878	0.85231	0.85429
2021.09.10 00:00:00	0.85428	0.85444	0.85195	0.85385
2021.09.12 00:00:00	0.85314	0.85372	0.85279	0.85341
2021.09.13 00:00:00	0.8534	0.85378	0.85097	0.85337
2021.09.14 00:00:00	0.85336	0.85509	0.85101	0.85466
2021.09.15 00:00:00	0.85467	0.85617	0.85281	0.85335
2021.09.16 00:00:00	0.85337	0.85467	0.85	0.85259
2021.09.17 00:00:00	0.85258	0.85524	0.85217	0.85393
2021.09.19 00:00:00	0.8531	0.85435	0.85271	0.85429
2021.09.20 00:00:00	0.85431	0.85939	0.85403	0.85826
2021.09.21 00:00:00	0.85829	0.85943	0.85626	0.85826
2021.09.22 00:00:00	0.85828	0.8612	0.8573	0.85824
2021.09.23 00:00:00	0.85826	0.85889	0.85359	0.85553
2021.09.24 00:00:00	0.85554	0.8576	0.85488	0.85709
2021.09.26 00:00:00	0.85719	0.85768	0.85646	0.85757
2021.09.27 00:00:00	0.85754	0.85765	0.85266	0.85358
2021.09.28 00:00:00	0.85359	0.86399	0.85248	0.8629
2021.09.29 00:00:00	0.86293	0.86573	0.8612	0.86397
2021.09.30 00:00:00	0.86398	0.86418	0.85768	0.85923
2021.10.01 00:00:00	0.85925	0.86233	0.85437	0.85574
2021.10.03 00:00:00	0.85504	0.85578	0.85457	0.85524
2021.10.04 00:00:00	0.85527	0.85725	0.85305	0.85363
2021.10.05 00:00:00	0.85365	0.85441	0.85024	0.85088
2021.10.06 00:00:00	0.85089	0.8526	0.84943	0.85007
2021.10.07 00:00:00	0.85009	0.85215	0.84739	0.84867
2021.10.08 00:00:00	0.84866	0.85003	0.84781	0.84975
2021.10.10 00:00:00	0.84914	0.8496	0.84872	0.84932
2021.10.11 00:00:00	0.84931	0.85018	0.84717	0.85
2021.10.12 00:00:00	0.84998	0.85176	0.84728	0.8492
2021.10.13 00:00:00	0.84921	0.84972	0.84724	0.84836
2021.10.14 00:00:00	0.84839	0.84868	0.8454	0.84791
2021.10.15 00:00:00	0.84792	0.8486	0.84229	0.84361
2021.10.17 00:00:00	0.84203	0.84319	0.84196	0.84264
2021.10.18 00:00:00	0.84266	0.84629	0.84242	0.8454
2021.10.19 00:00:00	0.84539	0.84624	0.84226	0.84324
2021.10.20 00:00:00	0.84325	0.846	0.84194	0.84297
2021.10.21 00:00:00	0.84295	0.84429	0.8419	0.84285
2021.10.22 00:00:00	0.84284	0.84684	0.84209	0.84606
2021.10.24 00:00:00	0.84611	0.84613	0.84563	0.84568
2021.10.25 00:00:00	0.84567	0.84648	0.84268	0.84336
2021.10.26 00:00:00	0.84335	0.84339	0.8402	0.84233
2021.10.27 00:00:00	0.84231	0.8464	0.84199	0.84457
2021.10.28 00:00:00	0.84458	0.84751	0.84221	0.84656
2021.10.29 00:00:00	0.84657	0.8472	0.84325	0.84428
2021.10.31 00:00:00	0.84431	0.84483	0.84416	0.84452
2021.11.01 00:00:00	0.84454	0.84987	0.84417	0.8494
2021.11.02 00:00:00	0.84943	0.8513	0.84916	0.85031
2021.11.03 00:00:00	0.85028	0.85119	0.84717	0.84811
2021.11.04 00:00:00	0.84814	0.85638	0.84622	0.85536
2021.11.05 00:00:00	0.85539	0.8594	0.85478	0.85708
2021.11.07 00:00:00	0.85642	0.85744	0.85611	0.85728
2021.11.08 00:00:00	0.85743	0.85876	0.85349	0.85409
2021.11.09 00:00:00	0.85424	0.85602	0.85198	0.85479
2021.11.10 00:00:00	0.85494	0.85638	0.85313	0.85615
2021.11.11 00:00:00	0.85629	0.85728	0.85427	0.8563
2021.11.12 00:00:00	0.85646	0.85647	0.85248	0.85299
2021.11.14 00:00:00	0.85262	0.85288	0.85221	0.85258
2021.11.15 00:00:00	0.85273	0.85367	0.84672	0.8474
2021.11.16 00:00:00	0.84756	0.84814	0.84234	0.8428
2021.11.17 00:00:00	0.84294	0.84355	0.8383	0.83884
2021.11.18 00:00:00	0.83899	0.84261	0.83829	0.8419
2021.11.19 00:00:00	0.84205	0.84258	0.83849	0.83897
2021.11.21 00:00:00	0.83863	0.83928	0.83838	0.83915
2021.11.22 00:00:00	0.83929	0.8403	0.838	0.83886
2021.11.23 00:00:00	0.83901	0.84304	0.83847	0.84049
2021.11.24 00:00:00	0.84062	0.8414	0.83845	0.84017
2021.11.25 00:00:00	0.84033	0.84354	0.83982	0.84177
2021.11.26 00:00:00	0.84192	0.84951	0.84165	0.84767
2021.11.28 00:00:00	0.84721	0.84778	0.84534	0.84623
2021.11.29 00:00:00	0.84639	0.84818	0.84455	0.84792
2021.11.30 00:00:00	0.84807	0.85373	0.84727	0.85195
2021.12.01 00:00:00	0.8521	0.85292	0.84923	0.85227
2021.12.02 00:00:00	0.85242	0.85259	0.84883	0.84985
2021.12.03 00:00:00	0.85	0.85499	0.84927	0.85447
2021.12.05 00:00:00	0.85275	0.85397	0.85271	0.85385
2021.12.06 00:00:00	0.85401	0.85411	0.84999	0.85058
2021.12.07 00:00:00	0.85072	0.8512	0.84882	0.85077
2021.12.08 00:00:00	0.85096	0.85987	0.85085	0.85859
2021.12.09 00:00:00	0.85874	0.85898	0.85337	0.85378
2021.12.10 00:00:00	0.85393	0.85521	0.85253	0.85278
2021.12.12 00:00:00	0.85271	0.85344	0.85247	0.85298
2021.12.13 00:00:00	0.85312	0.85491	0.84999	0.85372
2021.12.14 00:00:00	0.85386	0.85523	0.85037	0.8507
2021.12.15 00:00:00	0.85084	0.85274	0.84852	0.85102
2021.12.16 00:00:00	0.85124	0.85276	0.8453	0.85048
2021.12.17 00:00:00	0.85064	0.85266	0.84862	0.84876
2021.12.19 00:00:00	0.84826	0.84977	0.84799	0.84963
2021.12.20 00:00:00	0.84979	0.85498	0.8495	0.85347
2021.12.21 00:00:00	0.85363	0.85481	0.84957	0.85047
2021.12.22 00:00:00	0.85062	0.851	0.84733	0.84818
2021.12.23 00:00:00	0.84833	0.84971	0.84151	0.84436
2021.12.24 00:00:00	0.84438	0.84621	0.84302	0.84335
2021.12.26 00:00:00	0.84357	0.84469	0.84324	0.84464
2021.12.27 00:00:00	0.84479	0.84545	0.84185	0.84263
2021.12.28 00:00:00	0.8428	0.84328	0.84018	0.84194
2021.12.29 00:00:00	0.84208	0.84236	0.84022	0.84141
2021.12.30 00:00:00	0.84156	0.84157	0.83793	0.83864
2021.12.31 00:00:00	0.8388	0.84138	0.83675	0.84108
2022.01.02 00:00:00	0.84002	0.84086	0.83962	0.84086
2022.01.03 00:00:00	0.84101	0.84179	0.83716	0.83803
2022.01.04 00:00:00	0.83818	0.83937	0.83353	0.8337
2022.01.05 00:00:00	0.83385	0.83716	0.83343	0.83422
2022.01.06 00:00:00	0.83437	0.83715	0.83394	0.83438
2022.01.07 00:00:00	0.83454	0.83649	0.83364	0.83573
2022.01.09 00:00:00	0.8355	0.8356	0.83485	0.8351
2022.01.10 00:00:00	0.83525	0.83561	0.83314	0.83411
2022.01.11 00:00:00	0.83425	0.83489	0.83229	0.83349
2022.01.12 00:00:00	0.83365	0.83544	0.83274	0.83442
2022.01.13 00:00:00	0.83456	0.83594	0.83359	0.83521
2022.01.14 00:00:00	0.83536	0.83615	0.83413	0.83436
2022.01.16 00:00:00	0.83395	0.83457	0.83386	0.83436
2022.01.17 00:00:00	0.83451	0.8361	0.83417	0.83587
2022.01.18 00:00:00	0.83598	0.8378	0.83233	0.83279
2022.01.19 00:00:00	0.83295	0.83408	0.83124	0.83327
2022.01.20 00:00:00	0.83342	0.83382	0.83047	0.83179
2022.01.21 00:00:00	0.83194	0.8376	0.83176	0.83685
2022.01.23 00:00:00	0.8365	0.83674	0.83619	0.83643
2022.01.24 00:00:00	0.83659	0.84218	0.83507	0.83929
2022.01.25 00:00:00	0.83943	0.84008	0.83572	0.83643
2022.01.26 00:00:00	0.83659	0.83696	0.83411	0.83444
2022.01.27 00:00:00	0.83458	0.83569	0.83199	0.83223
2022.01.28 00:00:00	0.83239	0.83333	0.83046	0.83197
2022.01.30 00:00:00	0.83137	0.83199	0.83113	0.83185
2022.01.31 00:00:00	0.832	0.83577	0.83044	0.83494
2022.02.01 00:00:00	0.83511	0.83592	0.83175	0.83329
2022.02.02 00:00:00	0.83344	0.83504	0.83205	0.8328
2022.02.03 00:00:00	0.83293	0.84159	0.82845	0.84075
2022.02.04 00:00:00	0.8409	0.84693	0.84055	0.84635
2022.02.06 00:00:00	0.84587	0.84649	0.84535	0.84618
2022.02.07 00:00:00	0.84634	0.84773	0.84379	0.84492
2022.02.08 00:00:00	0.84508	0.84563	0.84122	0.84271
2022.02.09 00:00:00	0.8427	0.84497	0.84126	0.84373
2022.02.10 00:00:00	0.84388	0.84454	0.84101	0.84199
2022.02.11 00:00:00	0.84213	0.84223	0.8359	0.83649
2022.02.13 00:00:00	0.83596	0.83742	0.83569	0.83731
2022.02.14 00:00:00	0.83746	0.83858	0.83458	0.83523
2022.02.15 00:00:00	0.83539	0.83991	0.83506	0.8384
2022.02.16 00:00:00	0.83853	0.84016	0.83646	0.83704
2022.02.17 00:00:00	0.83713	0.83765	0.83337	0.83445
2022.02.18 00:00:00	0.8346	0.83556	0.83263	0.83284
2022.02.20 00:00:00	0.83235	0.83264	0.83214	0.83239
2022.02.21 00:00:00	0.83254	0.83508	0.83044	0.83167
2022.02.22 00:00:00	0.8318	0.83819	0.83101	0.83351
2022.02.23 00:00:00	0.83366	0.83534	0.83247	0.83442
2022.02.24 00:00:00	0.83457	0.83773	0.83055	0.8366
2022.02.25 00:00:00	0.83676	0.84054	0.8345	0.84037
2022.02.27 00:00:00	0.83515	0.83659	0.83495	0.83582
2022.02.28 00:00:00	0.83601	0.83817	0.83413	0.83531
2022.03.01 00:00:00	0.83544	0.83667	0.83156	0.83456
2022.03.02 00:00:00	0.83471	0.83594	0.82875	0.82929
2022.03.03 00:00:00	0.82942	0.82991	0.82742	0.82863
2022.03.04 00:00:00	0.82878	0.82897	0.82301	0.8257
2022.03.06 00:00:00	0.82576	0.82583	0.82228	0.82276
2022.03.07 00:00:00	0.82291	0.83039	0.82023	0.82839
2022.03.08 00:00:00	0.82854	0.83462	0.82779	0.83176
2022.03.09 00:00:00	0.83192	0.84166	0.83159	0.83964
2022.03.10 00:00:00	0.83979	0.8435	0.83665	0.84033
2022.03.11 00:00:00	0.84048	0.84184	0.83597	0.83691
2022.03.13 00:00:00	0.83687	0.83816	0.83646	0.83768
2022.03.14 00:00:00	0.83767	0.8429	0.83736	0.84104
2022.03.15 00:00:00	0.84106	0.8455	0.83853	0.84065
2022.03.16 00:00:00	0.84067	0.84283	0.83812	0.83869
2022.03.17 00:00:00	0.83868	0.84572	0.83669	0.8434
2022.03.18 00:00:00	0.84337	0.84368	0.83767	0.83849
2022.03.20 00:00:00	0.83851	0.83911	0.83791	0.83906
2022.03.21 00:00:00	0.83905	0.84158	0.83593	0.83651
2022.03.22 00:00:00	0.8365	0.83713	0.83077	0.83132
2022.03.23 00:00:00	0.83134	0.8337	0.8295	0.83339
2022.03.24 00:00:00	0.83335	0.83495	0.83159	0.83425
2022.03.25 00:00:00	0.83427	0.83693	0.83235	0.83317
2022.03.27 00:00:00	0.8327	0.83388	0.83244	0.83356
2022.03.28 00:00:00	0.83358	0.8399	0.83212	0.83898
2022.03.29 00:00:00	0.839	0.84811	0.83847	0.84699
2022.03.30 00:00:00	0.84702	0.84968	0.84503	0.8495
2022.03.31 00:00:00	0.84948	0.85115	0.8412	0.84222
2022.04.01 00:00:00	0.84224	0.84401	0.84074	0.84235
2022.04.03 00:00:00	0.84176	0.84281	0.8415	0.84281
2022.04.04 00:00:00	0.84279	0.84302	0.83581	0.83689
2022.04.05 00:00:00	0.83691	0.8373	0.83275	0.83391
2022.04.06 00:00:00	0.83392	0.83528	0.83252	0.83376
2022.04.07 00:00:00	0.83379	0.8364	0.83109	0.83124
2022.04.08 00:00:00	0.83126	0.83634	0.8307	0.83424
2022.04.10 00:00:00	0.83642	0.83685	0.83481	0.83525
2022.04.11 00:00:00	0.83526	0.83793	0.83422	0.83515
2022.04.12 00:00:00	0.83516	0.83599	0.83187	0.83256
2022.04.13 00:00:00	0.83254	0.83427	0.82958	0.83042
2022.04.14 00:00:00	0.83041	0.83138	0.82492	0.82793
2022.04.15 00:00:00	0.82806	0.8284	0.82596	0.82734
2022.04.17 00:00:00	0.82704	0.82865	0.82686	0.82814
2022.04.18 00:00:00	0.82815	0.82956	0.82745	0.82861
2022.04.19 00:00:00	0.82867	0.83139	0.82789	0.82935
2022.04.20 00:00:00	0.82938	0.83345	0.82827	0.83013
2022.04.21 00:00:00	0.83015	0.83662	0.8295	0.83182
2022.04.22 00:00:00	0.83179	0.84146	0.83173	0.84101
2022.04.24 00:00:00	0.84129	0.84259	0.84096	0.84253
2022.04.25 00:00:00	0.84257	0.84404	0.83964	0.84091
2022.04.26 00:00:00	0.84093	0.84649	0.83926	0.84581
2022.04.27 00:00:00	0.84579	0.84634	0.83884	0.84159
2022.04.28 00:00:00	0.84158	0.84596	0.8382	0.84254
2022.04.29 00:00:00	0.84255	0.84291	0.83811	0.83846
2022.05.01 00:00:00	0.8379	0.83839	0.83721	0.838
2022.05.02 00:00:00	0.83802	0.84163	0.83664	0.84071
2022.05.03 00:00:00	0.84073	0.84297	0.83717	0.84203
2022.05.04 00:00:00	0.84204	0.84491	0.83956	0.84172
2022.05.05 00:00:00	0.84173	0.85443	0.84112	0.85247
2022.05.06 00:00:00	0.85248	0.85902	0.85087	0.85456
2022.05.08 00:00:00	0.85359	0.85451	0.85322	0.85442
2022.05.09 00:00:00	0.85443	0.85704	0.8515	0.85622
2022.05.10 00:00:00	0.85623	0.85778	0.85346	0.85545
2022.05.11 00:00:00	0.85547	0.85925	0.85247	0.85918
2022.05.12 00:00:00	0.85919	0.86178	0.84925	0.85031
2022.05.13 00:00:00	0.85033	0.85275	0.84859	0.84884
2022.05.15 00:00:00	0.84901	0.84931	0.84776	0.84824
2022.05.16 00:00:00	0.84822	0.85332	0.84602	0.84685
2022.05.17 00:00:00	0.84688	0.84741	0.83925	0.8447
2022.05.18 00:00:00	0.84467	0.84935	0.8434	0.84834
2022.05.19 00:00:00	0.84836	0.84938	0.84472	0.84877
2022.05.20 00:00:00	0.84878	0.84924	0.84476	0.84513
2022.05.22 00:00:00	0.84564	0.84601	0.84505	0.84525
2022.05.23 00:00:00	0.84526	0.85031	0.84325	0.85004
2022.05.24 00:00:00	0.85006	0.85862	0.84795	0.85569
2022.05.25 00:00:00	0.85567	0.85611	0.84827	0.84904
2022.05.26 00:00:00	0.84901	0.85285	0.84844	0.85054
2022.05.27 00:00:00	0.85053	0.85149	0.84808	0.84959
2022.05.29 00:00:00	0.84935	0.8498	0.84891	0.84978
2022.05.30 00:00:00	0.8498	0.85275	0.84941	0.8519
2022.05.31 00:00:00	0.85193	0.85281	0.84892	0.85133
2022.06.01 00:00:00	0.85132	0.85435	0.85029	0.85316
2022.06.02 00:00:00	0.85313	0.8549	0.85095	0.85457
2022.06.03 00:00:00	0.85459	0.85838	0.85402	0.85815
2022.06.05 00:00:00	0.85738	0.85864	0.85703	0.85863
2022.06.06 00:00:00	0.85864	0.85885	0.85247	0.85352
2022.06.07 00:00:00	0.85351	0.85834	0.84915	0.84976
2022.06.08 00:00:00	0.84978	0.85636	0.84962	0.85451
2022.06.09 00:00:00	0.85449	0.85912	0.84852	0.84996
2022.06.10 00:00:00	0.84999	0.85486	0.84904	0.85386
2022.06.12 00:00:00	0.85339	0.85513	0.85299	0.85445
2022.06.13 00:00:00	0.85446	0.85931	0.85308	0.85766
2022.06.14 00:00:00	0.85764	0.8715	0.85515	0.86894
2022.06.15 00:00:00	0.86893	0.87203	0.85648	0.85886
2022.06.16 00:00:00	0.85888	0.86328	0.8511	0.85387
2022.06.17 00:00:00	0.85385	0.85945	0.85223	0.85862
2022.06.19 00:00:00	0.85752	0.85864	0.85705	0.8578
2022.06.20 00:00:00	0.85782	0.86111	0.85689	0.8586
2022.06.21 00:00:00	0.85859	0.86094	0.85676	0.85864
2022.06.22 00:00:00	0.85865	0.86242	0.85739	0.86218
2022.06.23 00:00:00	0.8622	0.86403	0.85733	0.85798
2022.06.24 00:00:00	0.85796	0.86011	0.85609	0.85969
2022.06.26 00:00:00	0.85899	0.86022	0.85899	0.86021
2022.06.27 00:00:00	0.86022	0.86268	0.8577	0.86241
2022.06.28 00:00:00	0.86243	0.86456	0.86106	0.86326
2022.06.29 00:00:00	0.86328	0.86607	0.86027	0.86114
2022.06.30 00:00:00	0.86112	0.86194	0.85505	0.8616
2022.07.01 00:00:00	0.86161	0.86779	0.86122	0.86141
2022.07.03 00:00:00	0.86086	0.86214	0.86036	0.86211
2022.07.04 00:00:00	0.86214	0.86263	0.85944	0.86113
2022.07.05 00:00:00	0.86115	0.86227	0.85428	0.85813
2022.07.06 00:00:00	0.85815	0.86021	0.85318	0.85416
2022.07.07 00:00:00	0.85417	0.85534	0.84437	0.84523
2022.07.08 00:00:00	0.84521	0.84745	0.84398	0.84626
2022.07.10 00:00:00	0.84589	0.84609	0.8449	0.84598
2022.07.11 00:00:00	0.846	0.84884	0.84343	0.84417
2022.07.12 00:00:00	0.84418	0.84837	0.84323	0.84439
2022.07.13 00:00:00	0.84438	0.84674	0.84026	0.84571
2022.07.14 00:00:00	0.84573	0.84966	0.84399	0.8467
2022.07.15 00:00:00	0.84673	0.85129	0.84639	0.84988
2022.07.17 00:00:00	0.84914	0.84981	0.849	0.84915
2022.07.18 00:00:00	0.84918	0.85039	0.84569	0.84907
2022.07.19 00:00:00	0.84909	0.85389	0.84765	0.85228
2022.07.20 00:00:00	0.8523	0.85395	0.84909	0.85061
2022.07.21 00:00:00	0.8506	0.85845	0.85044	0.85196
2022.07.22 00:00:00	0.85193	0.85226	0.84861	0.85067
2022.07.24 00:00:00	0.84999	0.85123	0.8495	0.85091
2022.07.25 00:00:00	0.85094	0.85238	0.84745	0.84803
2022.07.26 00:00:00	0.84801	0.8491	0.84019	0.84145
2022.07.27 00:00:00	0.84144	0.84254	0.83751	0.83903
2022.07.28 00:00:00	0.839	0.84029	0.83455	0.8372
2022.07.29 00:00:00	0.83724	0.84141	0.83683	0.83938
2022.07.31 00:00:00	0.83912	0.83969	0.83831	0.83901
2022.08.01 00:00:00	0.83899	0.83987	0.83529	0.83719
2022.08.02 00:00:00	0.83722	0.83994	0.83391	0.83628
2022.08.03 00:00:00	0.83626	0.83731	0.83415	0.83669
2022.08.04 00:00:00	0.83668	0.84364	0.83445	0.84274
2022.08.05 00:00:00	0.84276	0.84522	0.84099	0.84312
2022.08.07 00:00:00	0.84208	0.84365	0.842	0.84331
2022.08.08 00:00:00	0.8433	0.84442	0.84094	0.8438
2022.08.09 00:00:00	0.84379	0.8461	0.84332	0.84556
2022.08.10 00:00:00	0.84555	0.84694	0.84177	0.84335
2022.08.11 00:00:00	0.84332	0.84693	0.84294	0.84622
2022.08.12 00:00:00	0.84619	0.84919	0.84454	0.84524
2022.08.14 00:00:00	0.84476	0.8457	0.84423	0.84544
2022.08.15 00:00:00	0.84542	0.847	0.84183	0.84275
2022.08.16 00:00:00	0.84277	0.84392	0.83956	0.8408
2022.08.17 00:00:00	0.84077	0.84495	0.83871	0.84485
2022.08.18 00:00:00	0.84483	0.84657	0.84243	0.84557
2022.08.19 00:00:00	0.84555	0.85108	0.84541	0.84845
2022.08.21 00:00:00	0.84793	0.84928	0.8474	0.84909
2022.08.22 00:00:00	0.84907	0.84912	0.84339	0.84462
2022.08.23 00:00:00	0.84459	0.84528	0.84116	0.84238
2022.08.24 00:00:00	0.8424	0.84556	0.84074	0.84537
2022.08.25 00:00:00	0.84539	0.84604	0.84205	0.84328
2022.08.26 00:00:00	0.84331	0.85018	0.84298	0.84876
2022.08.28 00:00:00	0.84833	0.85038	0.84793	0.84997
2022.08.29 00:00:00	0.85	0.85489	0.84959	0.85396
2022.08.30 00:00:00	0.85398	0.8603	0.85211	0.85969
2022.08.31 00:00:00	0.85967	0.86602	0.85708	0.86552
2022.09.01 00:00:00	0.8655	0.86693	0.86056	0.86172
2022.09.02 00:00:00	0.86174	0.86756	0.86135	0.8647
2022.09.04 00:00:00	0.86369	0.86415	0.86226	0.86353
2022.09.05 00:00:00	0.86351	0.86537	0.85924	0.8603
2022.09.06 00:00:00	0.86032	0.862	0.85661	0.85976
2022.09.07 00:00:00	0.85975	0.86881	0.85969	0.86762
2022.09.08 00:00:00	0.86764	0.8711	0.86542	0.86882
2022.09.09 00:00:00	0.86883	0.87057	0.8659	0.86672
2022.09.11 00:00:00	0.86736	0.86762	0.86594	0.86661
2022.09.12 00:00:00	0.86657	0.87215	0.86488	0.86648
2022.09.13 00:00:00	0.86647	0.86931	0.8647	0.86739
2022.09.14 00:00:00	0.86738	0.86832	0.86253	0.86464
2022.09.15 00:00:00	0.86462	0.87225	0.86417	0.87209
2022.09.16 00:00:00	0.87208	0.87835	0.87153	0.87651
2022.09.18 00:00:00	0.8757	0.87683	0.8757	0.87642
2022.09.19 00:00:00	0.87643	0.87866	0.87464	0.8763
2022.09.20 00:00:00	0.87632	0.87822	0.87236	0.87607
2022.09.21 00:00:00	0.87606	0.87636	0.87106	0.87324
2022.09.22 00:00:00	0.87321	0.87592	0.86912	0.87348
2022.09.23 00:00:00	0.87349	0.89342	0.87106	0.89261
2022.09.25 00:00:00	0.89425	0.89809	0.8931	0.89729
2022.09.26 00:00:00	0.8973	0.92738	0.88529	0.8934
2022.09.27 00:00:00	0.89337	0.89842	0.88961	0.89449
2022.09.28 00:00:00	0.8945	0.90655	0.88557	0.89601
2022.09.29 00:00:00	0.89603	0.89787	0.87814	0.87978
2022.09.30 00:00:00	0.87981	0.88493	0.87519	0.87772
2022.10.02 00:00:00	0.87605	0.88004	0.8748	0.87938
2022.10.03 00:00:00	0.87936	0.88302	0.86693	0.86725
2022.10.04 00:00:00	0.86722	0.87439	0.86485	0.87181
2022.10.05 00:00:00	0.87183	0.87758	0.86933	0.87273
2022.10.06 00:00:00	0.87271	0.88184	0.87176	0.87699
2022.10.07 00:00:00	0.87701	0.88063	0.87356	0.87791
2022.10.09 00:00:00	0.87703	0.87938	0.87676	0.87908
2022.10.10 00:00:00	0.87906	0.88133	0.87449	0.87647
2022.10.11 00:00:00	0.87646	0.88595	0.87247	0.88469
2022.10.12 00:00:00	0.88463	0.88659	0.87258	0.8742
2022.10.13 00:00:00	0.87422	0.87659	0.86084	0.86419
2022.10.14 00:00:00	0.86423	0.87143	0.86178	0.86968
2022.10.16 00:00:00	0.86545	0.86728	0.86465	0.86631
2022.10.17 00:00:00	0.86629	0.86857	0.85787	0.86703
2022.10.18 00:00:00	0.86706	0.87305	0.8634	0.86945
2022.10.19 00:00:00	0.86946	0.87287	0.86805	0.87127
2022.10.20 00:00:00	0.8713	0.87563	0.86736	0.8713
2022.10.21 00:00:00	0.87133	0.87794	0.87125	0.87256
2022.10.23 00:00:00	0.86596	0.87011	0.8658	0.86966
2022.10.24 00:00:00	0.86956	0.87632	0.86617	0.87417
2022.10.25 00:00:00	0.87415	0.87567	0.86644	0.86931
2022.10.26 00:00:00	0.86928	0.86993	0.86454	0.86711
2022.10.27 00:00:00	0.86712	0.86879	0.86053	0.86177
2022.10.28 00:00:00	0.86174	0.86506	0.85712	0.85793
2022.10.30 00:00:00	0.85741	0.85872	0.85741	0.85845
2022.10.31 00:00:00	0.85844	0.86251	0.85718	0.86198
2022.11.01 00:00:00	0.862	0.86235	0.85912	0.85972
2022.11.02 00:00:00	0.85971	0.86293	0.85846	0.86204
2022.11.03 00:00:00	0.86206	0.87423	0.86076	0.87269
2022.11.04 00:00:00	0.87268	0.87843	0.8699	0.87538
2022.11.06 00:00:00	0.87449	0.87701	0.87442	0.87588
2022.11.07 00:00:00	0.87614	0.879	0.8688	0.86987
2022.11.08 00:00:00	0.87003	0.87433	0.86913	0.87238
2022.11.09 00:00:00	0.87255	0.88276	0.87149	0.88109
2022.11.10 00:00:00	0.88126	0.8813	0.86961	0.87128
2022.11.11 00:00:00	0.87146	0.87778	0.87106	0.87476
2022.11.13 00:00:00	0.87405	0.87607	0.87354	0.87514
2022.11.14 00:00:00	0.87532	0.88217	0.87265	0.87791
2022.11.15 00:00:00	0.87806	0.8805	0.87085	0.87165
2022.11.16 00:00:00	0.87182	0.8775	0.87113	0.87213
2022.11.17 00:00:00	0.87228	0.87718	0.86945	0.87346
2022.11.18 00:00:00	0.87362	0.87362	0.86782	0.86833
2022.11.20 00:00:00	0.8669	0.86912	0.86681	0.86896
2022.11.21 00:00:00	0.86913	0.86967	0.86537	0.86607
2022.11.22 00:00:00	0.86624	0.86802	0.86315	0.86667
2022.11.23 00:00:00	0.86682	0.87002	0.8586	0.86237
2022.11.24 00:00:00	0.86252	0.86343	0.85718	0.85887
2022.11.25 00:00:00	0.85919	0.86145	0.85765	0.85931
2022.11.27 00:00:00	0.8585	0.85999	0.85844	0.8596
2022.11.28 00:00:00	0.85996	0.86748	0.85862	0.86464
2022.11.29 00:00:00	0.86479	0.86516	0.86067	0.86395
2022.11.30 00:00:00	0.8641	0.86601	0.86174	0.86294
2022.12.01 00:00:00	0.86311	0.86412	0.85469	0.85858
2022.12.02 00:00:00	0.85875	0.86077	0.85551	0.85735
2022.12.04 00:00:00	0.85642	0.85818	0.85641	0.85724
2022.12.05 00:00:00	0.85742	0.86336	0.85659	0.86065
2022.12.06 00:00:00	0.86079	0.86317	0.85755	0.86248
2022.12.07 00:00:00	0.86265	0.86426	0.85976	0.8607
2022.12.08 00:00:00	0.86087	0.86457	0.86045	0.86258
2022.12.09 00:00:00	0.86277	0.86368	0.85618	0.8584
2022.12.11 00:00:00	0.85805	0.85961	0.85788	0.85961
2022.12.12 00:00:00	0.85978	0.86156	0.85737	0.85894
2022.12.13 00:00:00	0.85909	0.86045	0.85614	0.85975
2022.12.14 00:00:00	0.85989	0.86163	0.85756	0.85944
2022.12.15 00:00:00	0.85961	0.87276	0.85931	0.87243
2022.12.16 00:00:00	0.8726	0.87709	0.87036	0.87185
2022.12.18 00:00:00	0.87043	0.87074	0.86993	0.87024
2022.12.19 00:00:00	0.87038	0.87361	0.86902	0.8729
2022.12.20 00:00:00	0.87307	0.87704	0.87084	0.8715
2022.12.21 00:00:00	0.87167	0.8789	0.87151	0.87823
2022.12.22 00:00:00	0.87841	0.88332	0.87658	0.88044
2022.12.23 00:00:00	0.88061	0.88239	0.87828	0.88096
2022.12.25 00:00:00	0.87963	0.88035	0.87906	0.87964
2022.12.26 00:00:00	0.8802	0.88127	0.87845	0.87932
2022.12.27 00:00:00	0.88012	0.8862	0.87984	0.88424
2022.12.28 00:00:00	0.8844	0.88598	0.87935	0.88348
2022.12.29 00:00:00	0.88361	0.88588	0.88216	0.88415
2022.12.30 00:00:00	0.8843	0.88762	0.88222	0.8848
2023.01.01 00:00:00	0.88252	0.88346	0.88225	0.88257
2023.01.02 00:00:00	0.88393	0.88692	0.88122	0.88379
2023.01.03 00:00:00	0.88456	0.88618	0.8782	0.88101
2023.01.04 00:00:00	0.88119	0.88205	0.87827	0.87951
2023.01.05 00:00:00	0.87963	0.88622	0.8796	0.88319
2023.01.06 00:00:00	0.88334	0.88696	0.87966	0.88009
2023.01.08 00:00:00	0.87964	0.8804	0.87893	0.87954
2023.01.09 00:00:00	0.87971	0.8823	0.87683	0.88068
2023.01.10 00:00:00	0.88084	0.88456	0.88014	0.8833
2023.01.11 00:00:00	0.88348	0.88807	0.88283	0.88517
2023.01.12 00:00:00	0.88532	0.88947	0.88318	0.88868
2023.01.13 00:00:00	0.88883	0.88965	0.88511	0.88528
2023.01.15 00:00:00	0.88532	0.88562	0.8848	0.88517
2023.01.16 00:00:00	0.88533	0.8878	0.88445	0.88644
2023.01.17 00:00:00	0.88685	0.88865	0.87694	0.87814
2023.01.18 00:00:00	0.8783	0.88026	0.87284	0.87425
2023.01.19 00:00:00	0.87442	0.87862	0.8721	0.87398
2023.01.20 00:00:00	0.87412	0.87854	0.87404	0.87549
2023.01.22 00:00:00	0.87518	0.87571	0.87495	0.87549
2023.01.23 00:00:00	0.87564	0.88143	0.87564	0.87801
2023.01.24 00:00:00	0.87815	0.8846	0.87665	0.88286
2023.01.25 00:00:00	0.88301	0.8851	0.87891	0.87975
2023.01.26 00:00:00	0.8799	0.88138	0.87662	0.87723
2023.01.27 00:00:00	0.8774	0.88036	0.87636	0.87661
2023.01.29 00:00:00	0.87546	0.87683	0.8754	0.87649
2023.01.30 00:00:00	0.87665	0.88024	0.87619	0.87831
2023.01.31 00:00:00	0.87846	0.88291	0.87713	0.88214
2023.02.01 00:00:00	0.88231	0.88949	0.88166	0.88879
2023.02.02 00:00:00	0.88894	0.89549	0.88765	0.89203
2023.02.03 00:00:00	0.8922	0.8978	0.89121	0.89557
2023.02.05 00:00:00	0.89569	0.89601	0.89474	0.89564
2023.02.06 00:00:00	0.89579	0.89632	0.89108	0.89191
2023.02.07 00:00:00	0.89206	0.894	0.88942	0.88997
2023.02.08 00:00:00	0.89012	0.89102	0.88688	0.88749
2023.02.09 00:00:00	0.88763	0.88833	0.88382	0.88616
2023.02.10 00:00:00	0.88631	0.88719	0.88232	0.88531
2023.02.12 00:00:00	0.88404	0.88573	0.88404	0.88572
2023.02.13 00:00:00	0.88587	0.8874	0.88226	0.88292
2023.02.14 00:00:00	0.88309	0.88473	0.8804	0.88158
2023.02.15 00:00:00	0.88175	0.89018	0.88154	0.88799
2023.02.16 00:00:00	0.88814	0.89085	0.88691	0.89048
2023.02.17 00:00:00	0.89062	0.89279	0.88723	0.88802
2023.02.19 00:00:00	0.88776	0.88827	0.88738	0.88796
2023.02.20 00:00:00	0.8881	0.88909	0.88515	0.88709
2023.02.21 00:00:00	0.88724	0.8886	0.87826	0.87939
2023.02.22 00:00:00	0.87954	0.88216	0.87831	0.88009
2023.02.23 00:00:00	0.88026	0.8823	0.87927	0.88167
2023.02.24 00:00:00	0.88182	0.88351	0.87974	0.88292
2023.02.26 00:00:00	0.88133	0.88293	0.88103	0.88289
2023.02.27 00:00:00	0.88304	0.88348	0.87852	0.87934
2023.02.28 00:00:00	0.87949	0.88109	0.87543	0.87877
2023.03.01 00:00:00	0.87893	0.88957	0.87869	0.88685
2023.03.02 00:00:00	0.887	0.88913	0.88558	0.88669
2023.03.03 00:00:00	0.88684	0.88688	0.88259	0.8828
2023.03.05 00:00:00	0.88232	0.8832	0.8822	0.88319
2023.03.06 00:00:00	0.88337	0.88866	0.88305	0.88834
2023.03.07 00:00:00	0.88849	0.89244	0.8856	0.89163
2023.03.08 00:00:00	0.8918	0.89212	0.88905	0.89003
2023.03.09 00:00:00	0.89018	0.8913	0.8865	0.88759
2023.03.10 00:00:00	0.88776	0.8889	0.882	0.88397
2023.03.12 00:00:00	0.88384	0.88527	0.88312	0.88442
2023.03.13 00:00:00	0.88444	0.88628	0.87963	0.88121
2023.03.14 00:00:00	0.88122	0.88354	0.87771	0.88272
2023.03.15 00:00:00	0.88273	0.88428	0.87178	0.87685
2023.03.16 00:00:00	0.87687	0.88185	0.87469	0.87636
2023.03.17 00:00:00	0.87638	0.87822	0.87446	0.87548
2023.03.19 00:00:00	0.87404	0.87634	0.87385	0.8763
2023.03.20 00:00:00	0.87629	0.8768	0.87209	0.8732
2023.03.21 00:00:00	0.87321	0.88389	0.87298	0.8811
2023.03.22 00:00:00	0.88113	0.88536	0.87715	0.88518
2023.03.23 00:00:00	0.88516	0.88647	0.88066	0.88216
2023.03.24 00:00:00	0.88217	0.88261	0.87764	0.87966
2023.03.26 00:00:00	0.87936	0.88043	0.87892	0.88007
2023.03.27 00:00:00	0.88008	0.88031	0.87753	0.87875
2023.03.28 00:00:00	0.87874	0.88063	0.87705	0.87899
2023.03.29 00:00:00	0.879	0.88106	0.87801	0.88071
2023.03.30 00:00:00	0.8807	0.88277	0.87788	0.88024
2023.03.31 00:00:00	0.88026	0.88068	0.87759	0.87924
2023.04.02 00:00:00	0.87847	0.87938	0.87782	0.87919
2023.04.03 00:00:00	0.87918	0.8806	0.87705	0.87806
2023.04.04 00:00:00	0.87804	0.87851	0.87287	0.87657
2023.04.05 00:00:00	0.87659	0.87846	0.87437	0.87477
2023.04.06 00:00:00	0.87479	0.87847	0.87386	0.87729
2023.04.07 00:00:00	0.8773	0.87894	0.87593	0.87779
2023.04.09 00:00:00	0.8763	0.87805	0.87605	0.87783
2023.04.10 00:00:00	0.87781	0.87908	0.87633	0.87705
2023.04.11 00:00:00	0.87706	0.87887	0.87624	0.87818
2023.04.12 00:00:00	0.87816	0.88187	0.87816	0.88024
2023.04.13 00:00:00	0.88025	0.8838	0.87915	0.88231
2023.04.14 00:00:00	0.88232	0.8859	0.88227	0.88545
2023.04.16 00:00:00	0.88425	0.88583	0.88414	0.88566
2023.04.17 00:00:00	0.88569	0.88635	0.88166	0.8828
2023.04.18 00:00:00	0.88279	0.88329	0.88088	0.88324
2023.04.19 00:00:00	0.88325	0.88372	0.8791	0.88114
2023.04.20 00:00:00	0.88112	0.88248	0.88046	0.88154
2023.04.21 00:00:00	0.88156	0.88606	0.88125	0.88307
2023.04.23 00:00:00	0.88238	0.88326	0.88222	0.88295
2023.04.24 00:00:00	0.88297	0.88585	0.88246	0.88456
2023.04.25 00:00:00	0.88459	0.88745	0.88311	0.88424
2023.04.26 00:00:00	0.88423	0.88726	0.88363	0.8856
2023.04.27 00:00:00	0.88561	0.88711	0.88149	0.88265
2023.04.28 00:00:00	0.88267	0.88385	0.87642	0.87657
2023.04.30 00:00:00	0.87623	0.87686	0.87557	0.87668
2023.05.01 00:00:00	0.8767	0.87936	0.87594	0.87849
2023.05.02 00:00:00	0.87848	0.88264	0.87834	0.88245
2023.05.03 00:00:00	0.88248	0.88341	0.87945	0.8806
2023.05.04 00:00:00	0.88062	0.88127	0.87449	0.87599
2023.05.05 00:00:00	0.87598	0.87669	0.87123	0.87225
2023.05.07 00:00:00	0.87105	0.87254	0.87105	0.87232
2023.05.08 00:00:00	0.8723	0.87457	0.87116	0.87177
2023.05.09 00:00:00	0.87179	0.87179	0.86713	0.86845
2023.05.10 00:00:00	0.86847	0.86999	0.86695	0.86982
2023.05.11 00:00:00	0.86981	0.87338	0.86608	0.87237
2023.05.12 00:00:00	0.87238	0.87313	0.86927	0.87151
2023.05.14 00:00:00	0.87047	0.8717	0.87021	0.87155
2023.05.15 00:00:00	0.87156	0.8718	0.86716	0.86808
2023.05.16 00:00:00	0.86809	0.87175	0.86809	0.87025
2023.05.17 00:00:00	0.87027	0.87199	0.86694	0.86819
2023.05.18 00:00:00	0.86818	0.8701	0.86703	0.86806
2023.05.19 00:00:00	0.86805	0.86947	0.86678	0.86814
2023.05.21 00:00:00	0.86743	0.8687	0.86708	0.86841
2023.05.22 00:00:00	0.8684	0.87037	0.86805	0.86933
2023.05.23 00:00:00	0.86934	0.87178	0.86683	0.86726
2023.05.24 00:00:00	0.86727	0.87089	0.86483	0.8694
2023.05.25 00:00:00	0.86939	0.87066	0.86651	0.87061
2023.05.26 00:00:00	0.87057	0.87089	0.86761	0.86848
2023.05.28 00:00:00	0.86774	0.86847	0.86736	0.86839
2023.05.29 00:00:00	0.86838	0.8694	0.86591	0.86703
2023.05.30 00:00:00	0.86702	0.86725	0.86276	0.86452
2023.05.31 00:00:00	0.8645	0.86477	0.858	0.85915
2023.06.01 00:00:00	0.85916	0.86034	0.85668	0.85896
2023.06.02 00:00:00	0.85895	0.86045	0.85778	0.85991
2023.06.04 00:00:00	0.85902	0.86064	0.85871	0.86046
2023.06.05 00:00:00	0.86044	0.86352	0.86004	0.86148
2023.06.06 00:00:00	0.8615	0.86237	0.85993	0.86066
2023.06.07 00:00:00	0.86068	0.8612	0.85832	0.8603
2023.06.08 00:00:00	0.86032	0.8613	0.85783	0.85848
2023.06.09 00:00:00	0.8585	0.85897	0.85406	0.85432
2023.06.11 00:00:00	0.85379	0.8545	0.85316	0.85447
2023.06.12 00:00:00	0.85445	0.8606	0.85401	0.85989
2023.06.13 00:00:00	0.85988	0.86121	0.85498	0.85578
2023.06.14 00:00:00	0.85577	0.85607	0.85404	0.85566
2023.06.15 00:00:00	0.85563	0.85907	0.85431	0.85603
2023.06.16 00:00:00	0.85604	0.85651	0.85208	0.85319
2023.06.18 00:00:00	0.85213	0.85286	0.85169	0.85256
2023.06.19 00:00:00	0.85255	0.8547	0.85177	0.85377
2023.06.20 00:00:00	0.85378	0.85803	0.85267	0.85535
2023.06.21 00:00:00	0.85534	0.8608	0.85243	0.86062
2023.06.22 00:00:00	0.86063	0.86354	0.85725	0.85941
2023.06.23 00:00:00	0.8594	0.86073	0.85351	0.85663
2023.06.25 00:00:00	0.85638	0.85715	0.85601	0.85672
2023.06.26 00:00:00	0.85673	0.8594	0.85422	0.85824
2023.06.27 00:00:00	0.85823	0.86125	0.8567	0.85964
2023.06.28 00:00:00	0.85963	0.86574	0.85936	0.86334
2023.06.29 00:00:00	0.86333	0.86424	0.86074	0.86152
2023.06.30 00:00:00	0.86153	0.86164	0.85753	0.85914
2023.07.02 00:00:00	0.85805	0.85922	0.85799	0.85921
2023.07.03 00:00:00	0.8592	0.86047	0.858	0.85971
2023.07.04 00:00:00	0.8597	0.85973	0.85502	0.85563
2023.07.05 00:00:00	0.85562	0.85753	0.85375	0.85438
2023.07.06 00:00:00	0.8544	0.85633	0.852	0.85458
2023.07.07 00:00:00	0.85457	0.85533	0.85243	0.85424
2023.07.09 00:00:00	0.85335	0.85427	0.85335	0.85419
2023.07.10 00:00:00	0.85418	0.85834	0.85415	0.85543
2023.07.11 00:00:00	0.85544	0.85604	0.85033	0.85145
2023.07.12 00:00:00	0.85144	0.85747	0.85051	0.85716
2023.07.13 00:00:00	0.85717	0.85741	0.85343	0.85483
2023.07.14 00:00:00	0.85481	0.85772	0.85468	0.85745
2023.07.16 00:00:00	0.85706	0.85767	0.85697	0.85765
2023.07.17 00:00:00	0.85766	0.85976	0.85709	0.8596
2023.07.18 00:00:00	0.85959	0.86142	0.85763	0.86139
2023.07.19 00:00:00	0.8614	0.87003	0.86124	0.86601
2023.07.20 00:00:00	0.86602	0.86977	0.8642	0.8649
2023.07.21 00:00:00	0.86489	0.8679	0.86333	0.86548
2023.07.23 00:00:00	0.86468	0.86585	0.86453	0.86547
2023.07.24 00:00:00	0.86548	0.86551	0.86158	0.8634
2023.07.25 00:00:00	0.86341	0.86362	0.85588	0.85695
2023.07.26 00:00:00	0.85696	0.85857	0.85554	0.85689
2023.07.27 00:00:00	0.85688	0.85988	0.85436	0.85803
2023.07.28 00:00:00	0.85805	0.85886	0.85492	0.85712
2023.07.30 00:00:00	0.85683	0.85781	0.85579	0.85757
2023.07.31 00:00:00	0.85756	0.85901	0.85557	0.85692
2023.08.01 00:00:00	0.85693	0.86102	0.85498	0.86024
2023.08.02 00:00:00	0.86023	0.86282	0.85837	0.86033
2023.08.03 00:00:00	0.86032	0.86547	0.85959	0.86115
2023.08.04 00:00:00	0.86114	0.86472	0.86005	0.86327
2023.08.06 00:00:00	0.86265	0.86347	0.86222	0.86296
2023.08.07 00:00:00	0.86295	0.86357	0.86007	0.86077
2023.08.08 00:00:00	0.86076	0.86247	0.8586	0.85991
2023.08.09 00:00:00	0.85988	0.86339	0.85889	0.86292
2023.08.10 00:00:00	0.86293	0.86669	0.86226	0.86667
2023.08.11 00:00:00	0.86666	0.86683	0.86176	0.86213
2023.08.13 00:00:00	0.86136	0.86228	0.86082	0.86199
2023.08.14 00:00:00	0.862	0.86318	0.85834	0.85978
2023.08.15 00:00:00	0.85977	0.86088	0.85733	0.85847
2023.08.16 00:00:00	0.85846	0.85924	0.85357	0.85432
2023.08.17 00:00:00	0.85433	0.85564	0.85179	0.85298
2023.08.18 00:00:00	0.85296	0.8557	0.85274	0.85363
2023.08.20 00:00:00	0.85308	0.85384	0.85261	0.85345
2023.08.21 00:00:00	0.85347	0.85623	0.85319	0.85399
2023.08.22 00:00:00	0.85397	0.85448	0.85075	0.85189
2023.08.23 00:00:00	0.8519	0.85649	0.84918	0.85415
2023.08.24 00:00:00	0.85414	0.8581	0.85376	0.85753
2023.08.25 00:00:00	0.85752	0.85847	0.85596	0.85812
2023.08.27 00:00:00	0.85711	0.8581	0.85662	0.85755
2023.08.28 00:00:00	0.85756	0.85981	0.85736	0.85835
2023.08.29 00:00:00	0.85836	0.86092	0.85648	0.86011
2023.08.30 00:00:00	0.86012	0.86097	0.85798	0.85974
2023.08.31 00:00:00	0.85973	0.85976	0.85493	0.85561
2023.09.01 00:00:00	0.85559	0.85724	0.85472	0.85573
2023.09.03 00:00:00	0.85551	0.85592	0.85508	0.85575
2023.09.04 00:00:00	0.85574	0.85589	0.85369	0.85484
2023.09.05 00:00:00	0.85485	0.8576	0.8523	0.85312
2023.09.06 00:00:00	0.85314	0.85793	0.85278	0.85791
2023.09.07 00:00:00	0.85792	0.86007	0.8569	0.85742
2023.09.08 00:00:00	0.85741	0.85917	0.85681	0.85819
2023.09.10 00:00:00	0.85783	0.85865	0.85723	0.85802
2023.09.11 00:00:00	0.85801	0.8593	0.85574	0.85917
2023.09.12 00:00:00	0.85918	0.8612	0.85696	0.86079
2023.09.13 00:00:00	0.8608	0.86299	0.8584	0.85926
2023.09.14 00:00:00	0.85925	0.86152	0.85692	0.85754
2023.09.15 00:00:00	0.85753	0.86149	0.85686	0.86087
2023.09.17 00:00:00	0.85969	0.86079	0.85967	0.86043
2023.09.18 00:00:00	0.86044	0.86351	0.8598	0.86337
2023.09.19 00:00:00	0.86338	0.8636	0.86106	0.8618
2023.09.20 00:00:00	0.86179	0.86588	0.86171	0.86387
2023.09.21 00:00:00	0.86388	0.86944	0.86265	0.86712
2023.09.22 00:00:00	0.86713	0.86992	0.86595	0.86968
2023.09.24 00:00:00	0.86881	0.86984	0.8679	0.86978
2023.09.25 00:00:00	0.86979	0.87017	0.86655	0.86718
2023.09.26 00:00:00	0.86717	0.87054	0.86674	0.87008
2023.09.27 00:00:00	0.87007	0.87017	0.86467	0.86558
2023.09.28 00:00:00	0.86557	0.86602	0.86296	0.86538
2023.09.29 00:00:00	0.8654	0.86795	0.86414	0.8664
2023.10.01 00:00:00	0.86577	0.86693	0.86472	0.86629
2023.10.02 00:00:00	0.86631	0.86743	0.86523	0.86674
2023.10.03 00:00:00	0.86673	0.86904	0.86581	0.86671
2023.10.04 00:00:00	0.86672	0.86815	0.86371	0.8656
2023.10.05 00:00:00	0.86559	0.86735	0.86463	0.86527
2023.10.06 00:00:00	0.8653	0.86622	0.86399	0.865
2023.10.08 00:00:00	0.86382	0.86503	0.86369	0.86461
2023.10.09 00:00:00	0.86462	0.86574	0.8623	0.86352
2023.10.10 00:00:00	0.86353	0.86548	0.86245	0.86281
2023.10.11 00:00:00	0.8628	0.86419	0.86141	0.86254
2023.10.12 00:00:00	0.86253	0.8651	0.86206	0.86474
2023.10.13 00:00:00	0.86473	0.86639	0.86329	0.86516
2023.10.15 00:00:00	0.86468	0.86587	0.86374	0.8656
2023.10.16 00:00:00	0.86561	0.86707	0.86354	0.86416
2023.10.17 00:00:00	0.86419	0.869	0.86419	0.8681
2023.10.18 00:00:00	0.86811	0.86876	0.86598	0.86785
2023.10.19 00:00:00	0.86786	0.8724	0.86768	0.8723
2023.10.20 00:00:00	0.87228	0.87396	0.87059	0.8708
2023.10.22 00:00:00	0.87044	0.871	0.8699	0.87053
2023.10.23 00:00:00	0.87052	0.8725	0.86976	0.87099
2023.10.24 00:00:00	0.871	0.87125	0.86823	0.87108
2023.10.25 00:00:00	0.87107	0.87332	0.87036	0.87301
2023.10.26 00:00:00	0.873	0.87338	0.86907	0.87038
2023.10.27 00:00:00	0.87039	0.8726	0.86949	0.8714
2023.10.29 00:00:00	0.87121	0.87198	0.87054	0.87188
2023.10.30 00:00:00	0.87187	0.87399	0.87067	0.87251
2023.10.31 00:00:00	0.87252	0.87532	0.86959	0.87055
2023.11.01 00:00:00	0.87054	0.87117	0.8682	0.86902
2023.11.02 00:00:00	0.869	0.8735	0.86887	0.87081
2023.11.03 00:00:00	0.87083	0.87206	0.86637	0.86654
2023.11.05 00:00:00	0.86607	0.86713	0.86605	0.86712
2023.11.06 00:00:00	0.8673	0.86856	0.86493	0.86807
2023.11.07 00:00:00	0.86824	0.87033	0.86768	0.86995
2023.11.08 00:00:00	0.87012	0.8717	0.86955	0.87161
2023.11.09 00:00:00	0.8718	0.87291	0.86923	0.87291
2023.11.10 00:00:00	0.87309	0.87547	0.8716	0.87382
2023.11.12 00:00:00	0.87315	0.87404	0.87251	0.87392
2023.11.13 00:00:00	0.87409	0.87409	0.8703	0.87118
2023.11.14 00:00:00	0.87135	0.873	0.86882	0.87043
2023.11.15 00:00:00	0.8706	0.87394	0.87016	0.87359
2023.11.16 00:00:00	0.87376	0.87651	0.87254	0.87399
2023.11.17 00:00:00	0.87416	0.87624	0.87346	0.87554
2023.11.19 00:00:00	0.87515	0.87565	0.8749	0.87547
2023.11.20 00:00:00	0.87564	0.87645	0.87413	0.87475
2023.11.21 00:00:00	0.87492	0.87509	0.86941	0.87009
2023.11.22 00:00:00	0.87026	0.87245	0.86914	0.87155
2023.11.23 00:00:00	0.8717	0.87235	0.86836	0.86985
2023.11.24 00:00:00	0.86996	0.87064	0.86688	0.86734
2023.11.26 00:00:00	0.86744	0.86831	0.86716	0.86802
2023.11.27 00:00:00	0.86819	0.86875	0.86572	0.86714
2023.11.28 00:00:00	0.86729	0.86828	0.86521	0.86537
2023.11.29 00:00:00	0.86552	0.8662	0.86313	0.86415
2023.11.30 00:00:00	0.86431	0.86486	0.86091	0.86212
2023.12.01 00:00:00	0.86223	0.86342	0.85575	0.85607
2023.12.03 00:00:00	0.85544	0.85657	0.85517	0.85619
2023.12.04 00:00:00	0.85636	0.85846	0.85621	0.8576
2023.12.05 00:00:00	0.85775	0.85875	0.85576	0.85678
2023.12.06 00:00:00	0.85693	0.85736	0.85527	0.85706
2023.12.07 00:00:00	0.85722	0.85834	0.85539	0.85695
2023.12.08 00:00:00	0.85708	0.85876	0.85634	0.85763
2023.12.10 00:00:00	0.8574	0.85782	0.85695	0.85727
2023.12.11 00:00:00	0.85744	0.85876	0.85484	0.85733
2023.12.12 00:00:00	0.85748	0.86077	0.85568	0.85892
2023.12.13 00:00:00	0.85907	0.86285	0.8588	0.862
2023.12.14 00:00:00	0.86215	0.86333	0.85862	0.8606
2023.12.15 00:00:00	0.86075	0.86164	0.85706	0.85915
2023.12.17 00:00:00	0.85847	0.85977	0.85818	0.85954
2023.12.18 00:00:00	0.85971	0.86457	0.85914	0.86312
2023.12.19 00:00:00	0.86327	0.86359	0.85974	0.86225
2023.12.20 00:00:00	0.8624	0.86676	0.86173	0.86556
2023.12.21 00:00:00	0.86571	0.86846	0.86564	0.86754
2023.12.22 00:00:00	0.86768	0.86775	0.865	0.86728
2023.12.25 00:00:00	0.86491	0.86586	0.86491	0.86566
2023.12.26 00:00:00	0.86671	0.86858	0.86665	0.86747
2023.12.27 00:00:00	0.86759	0.86983	0.86666	0.86757
2023.12.28 00:00:00	0.86772	0.87139	0.86683	0.86887
2023.12.29 00:00:00	0.86902	0.87002	0.86596	0.86677
2024.01.01 00:00:00	0.86551	0.86588	0.8647	0.86543
2024.01.02 00:00:00	0.86646	0.86819	0.86439	0.86659
2024.01.03 00:00:00	0.86674	0.86753	0.86068	0.86191
2024.01.04 00:00:00	0.86206	0.86387	0.86097	0.86295
2024.01.05 00:00:00	0.8631	0.86333	0.85988	0.86014
2024.01.07 00:00:00	0.85947	0.86039	0.8593	0.86012
2024.01.08 00:00:00	0.86029	0.86202	0.8582	0.85914
2024.01.09 00:00:00	0.85929	0.86066	0.85857	0.85982
2024.01.10 00:00:00	0.85997	0.86199	0.85948	0.86086
2024.01.11 00:00:00	0.86101	0.86165	0.85844	0.85919
2024.01.12 00:00:00	0.85934	0.86057	0.85846	0.85857
2024.01.14 00:00:00	0.85811	0.85927	0.85767	0.85915
2024.01.15 00:00:00	0.85932	0.8611	0.85901	0.86055
2024.01.16 00:00:00	0.8607	0.86194	0.85906	0.86056
2024.01.17 00:00:00	0.86071	0.86177	0.85673	0.85851
2024.01.18 00:00:00	0.85867	0.85908	0.85453	0.85569
2024.01.19 00:00:00	0.85584	0.8592	0.85577	0.85768
2024.01.21 00:00:00	0.85746	0.85775	0.85632	0.85746
2024.01.22 00:00:00	0.85763	0.85821	0.85513	0.85583
2024.01.23 00:00:00	0.85598	0.85645	0.85445	0.85528
2024.01.24 00:00:00	0.85543	0.85606	0.85353	0.85532
2024.01.25 00:00:00	0.85549	0.85633	0.85204	0.85333
2024.01.26 00:00:00	0.85348	0.85471	0.85246	0.85444
2024.01.28 00:00:00	0.85336	0.85423	0.85291	0.85371
2024.01.29 00:00:00	0.85388	0.85432	0.85125	0.85202
2024.01.30 00:00:00	0.85217	0.85668	0.85163	0.85391
2024.01.31 00:00:00	0.85406	0.8547	0.85182	0.85187
2024.02.01 00:00:00	0.85202	0.85578	0.85199	0.85289
2024.02.02 00:00:00	0.85304	0.85472	0.85201	0.85385
2024.02.04 00:00:00	0.85248	0.85397	0.85242	0.85375
2024.02.05 00:00:00	0.85398	0.85713	0.85286	0.85675
2024.02.06 00:00:00	0.8569	0.85693	0.85304	0.85323
2024.02.07 00:00:00	0.85339	0.85394	0.85153	0.85316
2024.02.08 00:00:00	0.85331	0.85439	0.85295	0.85376
2024.02.09 00:00:00	0.8539	0.85465	0.85315	0.85386
2024.02.11 00:00:00	0.85306	0.85425	0.85306	0.85422
2024.02.12 00:00:00	0.85441	0.85461	0.85269	0.85289
2024.02.13 00:00:00	0.85302	0.85344	0.84994	0.85029
2024.02.14 00:00:00	0.85045	0.85479	0.84975	0.85372
2024.02.15 00:00:00	0.85388	0.85692	0.85347	0.85486
2024.02.16 00:00:00	0.85501	0.85644	0.85375	0.85521
2024.02.18 00:00:00	0.85385	0.85505	0.85362	0.85493
2024.02.19 00:00:00	0.8551	0.8559	0.85364	0.85583
2024.02.20 00:00:00	0.85596	0.85774	0.85452	0.85597
2024.02.21 00:00:00	0.85616	0.85708	0.85562	0.85595
2024.02.22 00:00:00	0.85609	0.85742	0.85444	0.85471
2024.02.23 00:00:00	0.85487	0.8551	0.85275	0.85388
2024.02.25 00:00:00	0.85304	0.85377	0.8523	0.85355
2024.02.26 00:00:00	0.85379	0.85604	0.85364	0.85519
2024.02.27 00:00:00	0.85538	0.85664	0.85455	0.85477
2024.02.28 00:00:00	0.85491	0.85646	0.85454	0.85585
2024.02.29 00:00:00	0.85595	0.85696	0.85498	0.85559
2024.03.01 00:00:00	0.85572	0.85752	0.85538	0.85653
2024.03.03 00:00:00	0.85581	0.85643	0.85561	0.85611
2024.03.04 00:00:00	0.85627	0.85658	0.85492	0.85515
2024.03.05 00:00:00	0.85528	0.85599	0.85347	0.85427
2024.03.06 00:00:00	0.85441	0.85623	0.85404	0.85561
2024.03.07 00:00:00	0.85574	0.85622	0.85231	0.85437
2024.03.08 00:00:00	0.85457	0.85475	0.85033	0.85058
2024.03.10 00:00:00	0.85049	0.85124	0.84983	0.85114
2024.03.11 00:00:00	0.85115	0.85343	0.85088	0.85261
2024.03.12 00:00:00	0.85266	0.85539	0.85251	0.85392
2024.03.13 00:00:00	0.85393	0.85589	0.85377	0.85553
2024.03.14 00:00:00	0.85555	0.85563	0.85312	0.85381
2024.03.15 00:00:00	0.8538	0.85524	0.85364	0.85483
2024.03.17 00:00:00	0.85418	0.85488	0.85352	0.85477
2024.03.18 00:00:00	0.8548	0.85617	0.85379	0.85429
2024.03.19 00:00:00	0.85428	0.85552	0.85316	0.85398
2024.03.20 00:00:00	0.85399	0.85577	0.85351	0.85452
2024.03.21 00:00:00	0.85454	0.85819	0.85294	0.85772
2024.03.22 00:00:00	0.85787	0.86014	0.8567	0.8577
2024.03.24 00:00:00	0.85683	0.85785	0.85664	0.85766
2024.03.25 00:00:00	0.85781	0.8584	0.85646	0.85738
2024.03.26 00:00:00	0.85754	0.85876	0.85686	0.85757
2024.03.27 00:00:00	0.85774	0.85845	0.856	0.85676
2024.03.28 00:00:00	0.8569	0.85699	0.85422	0.85486
2024.03.29 00:00:00	0.85493	0.85524	0.85295	0.85349
2024.03.31 00:00:00	0.85354	0.85429	0.85288	0.85398
2024.04.01 00:00:00	0.854	0.85625	0.85385	0.85572
2024.04.02 00:00:00	0.85576	0.85744	0.85399	0.85615
2024.04.03 00:00:00	0.85616	0.85816	0.85563	0.85655
2024.04.04 00:00:00	0.8566	0.85799	0.85639	0.85723
2024.04.05 00:00:00	0.85728	0.85854	0.85708	0.85745
2024.04.07 00:00:00	0.85728	0.85793	0.85663	0.8578
2024.04.08 00:00:00	0.85781	0.85837	0.8573	0.85806
2024.04.09 00:00:00	0.85807	0.85816	0.85605	0.85649
2024.04.10 00:00:00	0.85648	0.85701	0.85466	0.85672
2024.04.11 00:00:00	0.85671	0.85689	0.85413	0.8543
2024.04.12 00:00:00	0.85428	0.85511	0.85277	0.85465
2024.04.14 00:00:00	0.8534	0.85471	0.85308	0.85438
2024.04.15 00:00:00	0.85437	0.8552	0.85264	0.85359
2024.04.16 00:00:00	0.85356	0.85492	0.85273	0.85437
2024.04.17 00:00:00	0.85435	0.85714	0.85203	0.85667
2024.04.18 00:00:00	0.85666	0.85704	0.85505	0.85578
2024.04.19 00:00:00	0.85577	0.86149	0.85542	0.86138
2024.04.21 00:00:00	0.85988	0.86148	0.8598	0.86114
2024.04.22 00:00:00	0.8611	0.86434	0.86081	0.86259
2024.04.23 00:00:00	0.8626	0.86438	0.85926	0.85929
2024.04.24 00:00:00	0.85928	0.85994	0.85806	0.85868
2024.04.25 00:00:00	0.85872	0.85913	0.8564	0.85757
2024.04.26 00:00:00	0.85756	0.8583	0.8557	0.85579
2024.04.28 00:00:00	0.85491	0.8562	0.85491	0.85583
2024.04.29 00:00:00	0.85582	0.85604	0.85303	0.85306
2024.04.30 00:00:00	0.85307	0.85541	0.853	0.85396
2024.05.01 00:00:00	0.85397	0.85577	0.85359	0.85475
2024.05.02 00:00:00	0.85483	0.85641	0.85459	0.85563
2024.05.03 00:00:00	0.85562	0.85857	0.85504	0.85773
2024.05.05 00:00:00	0.85698	0.85782	0.85634	0.85778
2024.05.06 00:00:00	0.85779	0.85808	0.85563	0.85723
2024.05.07 00:00:00	0.85721	0.8599	0.85709	0.85985
2024.05.08 00:00:00	0.85982	0.8617	0.85955	0.86012
2024.05.09 00:00:00	0.86014	0.86196	0.85902	0.86074
2024.05.10 00:00:00	0.86076	0.86099	0.8594	0.85985
2024.05.12 00:00:00	0.85935	0.86009	0.85935	0.86001
2024.05.13 00:00:00	0.86002	0.8608	0.85877	0.85915
2024.05.14 00:00:00	0.85916	0.86134	0.85864	0.85923
2024.05.15 00:00:00	0.85924	0.85992	0.85744	0.85804
2024.05.16 00:00:00	0.85803	0.85867	0.85739	0.85758
2024.05.17 00:00:00	0.8576	0.85796	0.85538	0.85566
2024.05.19 00:00:00	0.85527	0.85584	0.85486	0.85563
2024.05.20 00:00:00	0.85562	0.85671	0.85407	0.85442
2024.05.21 00:00:00	0.85441	0.85503	0.85328	0.85389
2024.05.22 00:00:00	0.85392	0.85405	0.85029	0.85092
2024.05.23 00:00:00	0.85093	0.85265	0.84991	0.85172
2024.05.24 00:00:00	0.85171	0.85312	0.85113	0.85145
2024.05.26 00:00:00	0.8509	0.85171	0.85029	0.85171
2024.05.27 00:00:00	0.85172	0.85194	0.84959	0.85032
2024.05.28 00:00:00	0.85033	0.8517	0.84946	0.85047
2024.05.29 00:00:00	0.85048	0.85161	0.84833	0.85056
2024.05.30 00:00:00	0.85055	0.85165	0.8501	0.85084
2024.05.31 00:00:00	0.85085	0.85397	0.85003	0.85132
2024.06.02 00:00:00	0.85076	0.85157	0.85071	0.85149
2024.06.03 00:00:00	0.8515	0.85346	0.8509	0.8514
2024.06.04 00:00:00	0.85142	0.85239	0.85044	0.85189
2024.06.05 00:00:00	0.85188	0.85197	0.8497	0.84989
2024.06.06 00:00:00	0.8499	0.85239	0.84982	0.85133
2024.06.07 00:00:00	0.85134	0.85195	0.84885	0.84907
2024.06.09 00:00:00	0.84507	0.84691	0.84483	0.84676
2024.06.10 00:00:00	0.84677	0.8471	0.84392	0.84571
2024.06.11 00:00:00	0.8457	0.84671	0.84173	0.84295
2024.06.12 00:00:00	0.84297	0.8451	0.84173	0.84492
2024.06.13 00:00:00	0.84491	0.84572	0.84095	0.84183
2024.06.14 00:00:00	0.84181	0.84401	0.83967	0.8437
2024.06.16 00:00:00	0.84248	0.84415	0.84248	0.84376
2024.06.17 00:00:00	0.84375	0.84606	0.8436	0.84467
2024.06.18 00:00:00	0.84466	0.84637	0.84433	0.84502
2024.06.19 00:00:00	0.84501	0.84539	0.84293	0.8448
2024.06.20 00:00:00	0.84479	0.84602	0.84338	0.84558
2024.06.21 00:00:00	0.84556	0.84645	0.8442	0.84559
2024.06.23 00:00:00	0.84518	0.84591	0.8446	0.8456
2024.06.24 00:00:00	0.84561	0.84771	0.84515	0.84618
2024.06.25 00:00:00	0.84617	0.84623	0.84301	0.84423
2024.06.26 00:00:00	0.84422	0.84628	0.84325	0.84611
2024.06.27 00:00:00	0.84612	0.84747	0.84528	0.84678
2024.06.28 00:00:00	0.84675	0.84811	0.84571	0.84715
2024.06.30 00:00:00	0.84762	0.84886	0.84761	0.84864
2024.07.01 00:00:00	0.84863	0.84982	0.84722	0.84899
2024.07.02 00:00:00	0.84901	0.84948	0.84655	0.84705
2024.07.03 00:00:00	0.84704	0.84775	0.84578	0.84646
2024.07.04 00:00:00	0.84647	0.84746	0.84598	0.84746
2024.07.05 00:00:00	0.84745	0.84775	0.8451	0.84578
2024.07.07 00:00:00	0.84306	0.8453	0.84303	0.84528
2024.07.08 00:00:00	0.84529	0.84594	0.84386	0.84506
2024.07.09 00:00:00	0.84505	0.84592	0.84415	0.84558
2024.07.10 00:00:00	0.84559	0.84585	0.84247	0.84273
2024.07.11 00:00:00	0.84272	0.84318	0.84118	0.84133
2024.07.12 00:00:00	0.84134	0.8421	0.83911	0.83962
2024.07.14 00:00:00	0.8385	0.83955	0.83846	0.8394
2024.07.15 00:00:00	0.83941	0.8411	0.83903	0.84023
2024.07.16 00:00:00	0.84021	0.84098	0.83968	0.84
2024.07.17 00:00:00	0.83999	0.84104	0.83824	0.84095
2024.07.18 00:00:00	0.84093	0.84215	0.84027	0.8417
2024.07.19 00:00:00	0.84171	0.84321	0.84124	0.84269
2024.07.21 00:00:00	0.84221	0.84367	0.84169	0.84267
2024.07.22 00:00:00	0.84269	0.84307	0.8413	0.84201
2024.07.23 00:00:00	0.84202	0.84258	0.83968	0.84092
2024.07.24 00:00:00	0.84093	0.84171	0.83929	0.84021
2024.07.25 00:00:00	0.8402	0.84404	0.84019	0.84404
2024.07.26 00:00:00	0.84403	0.84485	0.84273	0.84364
2024.07.28 00:00:00	0.84318	0.84361	0.84298	0.84341
2024.07.29 00:00:00	0.8434	0.84599	0.84092	0.84124
2024.07.30 00:00:00	0.84125	0.84287	0.84123	0.84242
2024.07.31 00:00:00	0.84243	0.8448	0.84165	0.84206
2024.08.01 00:00:00	0.84205	0.8474	0.84205	0.84738
2024.08.02 00:00:00	0.8474	0.85341	0.8474	0.85203
2024.08.04 00:00:00	0.85153	0.85315	0.85139	0.85313
2024.08.05 00:00:00	0.85314	0.86188	0.85314	0.85623
2024.08.06 00:00:00	0.85626	0.86153	0.85612	0.8613
2024.08.07 00:00:00	0.86131	0.86226	0.85753	0.86155
2024.08.08 00:00:00	0.86154	0.86239	0.85593	0.85629
2024.08.09 00:00:00	0.85628	0.85779	0.85491	0.85554
2024.08.11 00:00:00	0.85462	0.85596	0.85449	0.85592
2024.08.12 00:00:00	0.85591	0.85679	0.85432	0.85626
2024.08.13 00:00:00	0.85625	0.85633	0.85304	0.8546
2024.08.14 00:00:00	0.85461	0.85916	0.85437	0.85854
2024.08.15 00:00:00	0.85858	0.85863	0.8532	0.85322
2024.08.16 00:00:00	0.8532	0.85342	0.85102	0.85181
2024.08.18 00:00:00	0.85149	0.8519	0.85079	0.85148
2024.08.19 00:00:00	0.85147	0.85336	0.85078	0.85335
2024.08.20 00:00:00	0.85333	0.85391	0.85147	0.85368
2024.08.21 00:00:00	0.85369	0.85437	0.85085	0.85198
2024.08.22 00:00:00	0.85199	0.85202	0.84779	0.84873
2024.08.23 00:00:00	0.84875	0.84919	0.8452	0.84679
2024.08.25 00:00:00	0.84582	0.84718	0.84557	0.84672
2024.08.26 00:00:00	0.84675	0.84746	0.84496	0.84627
2024.08.27 00:00:00	0.84628	0.8467	0.84297	0.84316
2024.08.28 00:00:00	0.84315	0.84339	0.84096	0.84314
2024.08.29 00:00:00	0.84312	0.84323	0.84019	0.84155
2024.08.30 00:00:00	0.84153	0.84273	0.83996	0.84149
2024.09.01 00:00:00	0.84075	0.84136	0.84028	0.84111
2024.09.02 00:00:00	0.84114	0.84319	0.84112	0.84216
2024.09.03 00:00:00	0.84216	0.84339	0.84054	0.84249
2024.09.04 00:00:00	0.8425	0.84346	0.84155	0.84291
2024.09.05 00:00:00	0.84291	0.84372	0.84175	0.84321
2024.09.06 00:00:00	0.84322	0.84461	0.84109	0.84417
2024.09.08 00:00:00	0.84325	0.84425	0.84315	0.84422
2024.09.09 00:00:00	0.84421	0.84465	0.84324	0.84422
2024.09.10 00:00:00	0.84421	0.8447	0.84217	0.84247
2024.09.11 00:00:00	0.84247	0.84627	0.84242	0.8444
2024.09.12 00:00:00	0.8444	0.84547	0.84327	0.84355
2024.09.13 00:00:00	0.84356	0.84523	0.84266	0.84378
2024.09.15 00:00:00	0.84347	0.84416	0.84334	0.84403
2024.09.16 00:00:00	0.84402	0.84428	0.84194	0.84241
2024.09.17 00:00:00	0.84242	0.84535	0.84176	0.84462
2024.09.18 00:00:00	0.84462	0.84526	0.84035	0.84171
2024.09.19 00:00:00	0.8417	0.84223	0.83912	0.84017
2024.09.20 00:00:00	0.84017	0.84059	0.83778	0.83785
2024.09.22 00:00:00	0.83748	0.83832	0.83728	0.83821
2024.09.23 00:00:00	0.83819	0.8386	0.83208	0.83228
2024.09.24 00:00:00	0.83228	0.83388	0.83166	0.8334
2024.09.25 00:00:00	0.83341	0.83712	0.83335	0.83587
2024.09.26 00:00:00	0.83589	0.83591	0.83262	0.83337
2024.09.27 00:00:00	0.83336	0.83491	0.83213	0.83472
2024.09.29 00:00:00	0.83417	0.83484	0.83396	0.83453
2024.09.30 00:00:00	0.83452	0.83594	0.8312	0.83243
2024.10.01 00:00:00	0.8324	0.83447	0.83103	0.83347
2024.10.02 00:00:00	0.83348	0.83375	0.83209	0.83277
2024.10.03 00:00:00	0.83278	0.84335	0.8323	0.84046
2024.10.04 00:00:00	0.84044	0.84056	0.83524	0.83618
2024.10.06 00:00:00	0.83549	0.83621	0.83493	0.83591
2024.10.07 00:00:00	0.8359	0.83989	0.83554	0.83866
2024.10.08 00:00:00	0.83864	0.8404	0.83733	0.83819
2024.10.09 00:00:00	0.83818	0.83878	0.83654	0.83732
2024.10.10 00:00:00	0.83733	0.83846	0.83538	0.83703
2024.10.11 00:00:00	0.83702	0.83825	0.83638	0.83684
2024.10.13 00:00:00	0.83588	0.83715	0.83563	0.83705
2024.10.14 00:00:00	0.83706	0.8373	0.8346	0.83477
2024.10.15 00:00:00	0.83479	0.83503	0.83247	0.83297
2024.10.16 00:00:00	0.83296	0.83794	0.83264	0.8358
2024.10.17 00:00:00	0.83581	0.83639	0.83175	0.832
2024.10.18 00:00:00	0.83202	0.83354	0.82945	0.83258
2024.10.20 00:00:00	0.83149	0.83271	0.83138	0.83261
2024.10.21 00:00:00	0.8326	0.83388	0.83239	0.83298
2024.10.22 00:00:00	0.83298	0.83459	0.83122	0.83164
2024.10.23 00:00:00	0.83165	0.83512	0.83028	0.83461
2024.10.24 00:00:00	0.83463	0.83482	0.83138	0.83434
2024.10.25 00:00:00	0.83435	0.83494	0.83258	0.83287
2024.10.27 00:00:00	0.83151	0.8332	0.83092	0.83313
2024.10.28 00:00:00	0.83312	0.83426	0.83228	0.83367
2024.10.29 00:00:00	0.83368	0.83398	0.82981	0.83151
2024.10.30 00:00:00	0.8315	0.83796	0.8313	0.83787
2024.10.31 00:00:00	0.83785	0.84471	0.83527	0.84384
2024.11.01 00:00:00	0.84386	0.84423	0.83686	0.83844
2024.11.03 00:00:00	0.83725	0.83944	0.83725	0.83924
2024.11.04 00:00:00	0.83937	0.84182	0.83841	0.83919
2024.11.05 00:00:00	0.83933	0.83971	0.83774	0.83813
2024.11.06 00:00:00	0.83826	0.83841	0.83137	0.83284
2024.11.07 00:00:00	0.83297	0.83393	0.83057	0.83131
2024.11.08 00:00:00	0.83144	0.83251	0.82916	0.82951
2024.11.10 00:00:00	0.8292	0.82951	0.82882	0.82923
2024.11.11 00:00:00	0.82941	0.83013	0.82594	0.82811
2024.11.12 00:00:00	0.82822	0.83343	0.82753	0.83331
2024.11.13 00:00:00	0.83344	0.83449	0.83069	0.83126
2024.11.14 00:00:00	0.8314	0.8323	0.83062	0.83107
2024.11.15 00:00:00	0.8312	0.83585	0.83118	0.83503
2024.11.17 00:00:00	0.83381	0.83502	0.83316	0.83469
2024.11.18 00:00:00	0.83487	0.83726	0.83394	0.83542
2024.11.19 00:00:00	0.83556	0.8375	0.83316	0.8354
2024.11.20 00:00:00	0.83553	0.83579	0.83125	0.83309
2024.11.21 00:00:00	0.83323	0.83404	0.83155	0.83169
2024.11.22 00:00:00	0.83182	0.83459	0.82675	0.83128
2024.11.24 00:00:00	0.83125	0.83339	0.83061	0.83195
2024.11.25 00:00:00	0.83208	0.83607	0.83088	0.83316
2024.11.26 00:00:00	0.83329	0.8364	0.833	0.8342
2024.11.27 00:00:00	0.83434	0.83549	0.8329	0.83295
2024.11.28 00:00:00	0.83308	0.83385	0.83143	0.83161
2024.11.29 00:00:00	0.83175	0.8331	0.83001	0.83041
2024.12.01 00:00:00	0.82914	0.83008	0.82902	0.82994
2024.12.02 00:00:00	0.83008	0.83029	0.82694	0.82936
2024.12.03 00:00:00	0.82949	0.8312	0.82863	0.82905
2024.12.04 00:00:00	0.82919	0.83011	0.82684	0.82747
2024.12.05 00:00:00	0.82761	0.83003	0.82718	0.82944
2024.12.06 00:00:00	0.82957	0.83	0.82787	0.82929
2024.12.08 00:00:00	0.82782	0.82883	0.82769	0.82869
2024.12.09 00:00:00	0.82835	0.82852	0.82686	0.82767
2024.12.10 00:00:00	0.82781	0.82827	0.82385	0.82386
2024.12.11 00:00:00	0.82399	0.8251	0.82247	0.82278
2024.12.12 00:00:00	0.82291	0.82719	0.82267	0.82599
2024.12.13 00:00:00	0.82612	0.83214	0.82599	0.83213
2024.12.15 00:00:00	0.83049	0.83221	0.82992	0.83209
2024.12.16 00:00:00	0.83227	0.8327	0.82725	0.82869
2024.12.17 00:00:00	0.82871	0.82951	0.8249	0.8256
2024.12.18 00:00:00	0.8256	0.82774	0.82264	0.82356
2024.12.19 00:00:00	0.82357	0.82928	0.82218	0.82928
2024.12.20 00:00:00	0.82927	0.83122	0.82704	0.8298
2024.12.22 00:00:00	0.82924	0.8308	0.82924	0.82981
2024.12.23 00:00:00	0.82995	0.83117	0.8277	0.8301
2024.12.24 00:00:00	0.8301	0.83018	0.82745	0.82845
2024.12.25 00:00:00	0.82838	0.82908	0.82806	0.8288
2024.12.26 00:00:00	0.82898	0.83238	0.82867	0.83168
2024.12.27 00:00:00	0.83181	0.83279	0.82815	0.82871
2024.12.29 00:00:00	0.82813	0.82907	0.82792	0.82893
2024.12.30 00:00:00	0.82911	0.82986	0.82719	0.82906
2024.12.31 00:00:00	0.8292	0.8307	0.82624	0.8274
2025.01.01 00:00:00	0.82659	0.82759	0.8265	0.8265
2025.01.02 00:00:00	0.82668	0.83246	0.8266	0.8292
2025.01.03 00:00:00	0.82933	0.83026	0.82843	0.82978
2025.01.05 00:00:00	0.82874	0.82956	0.82817	0.82922
2025.01.06 00:00:00	0.82935	0.83168	0.82849	0.82981
2025.01.07 00:00:00	0.82994	0.83049	0.82834	0.82871
2025.01.08 00:00:00	0.82885	0.83513	0.8283	0.83433
2025.01.09 00:00:00	0.83445	0.84058	0.83419	0.83701
2025.01.10 00:00:00	0.83714	0.83931	0.83643	0.8391
2025.01.12 00:00:00	0.8385	0.83923	0.83829	0.83908
2025.01.13 00:00:00	0.83926	0.84235	0.83784	0.83893
2025.01.14 00:00:00	0.83906	0.84502	0.83863	0.84382
2025.01.15 00:00:00	0.84396	0.84621	0.83996	0.84073
2025.01.16 00:00:00	0.84086	0.84374	0.84074	0.8418
2025.01.17 00:00:00	0.84194	0.84528	0.84176	0.84391
2025.01.19 00:00:00	0.84353	0.84439	0.84287	0.84415
2025.01.20 00:00:00	0.84433	0.84728	0.84361	0.84483
2025.01.21 00:00:00	0.84496	0.84618	0.84291	0.84318
2025.01.22 00:00:00	0.84331	0.8463	0.84331	0.84503
2025.01.23 00:00:00	0.84517	0.84571	0.84281	0.84292
2025.01.24 00:00:00	0.84305	0.84616	0.84034	0.84065
2025.01.26 00:00:00	0.83985	0.84051	0.83939	0.83996
2025.01.27 00:00:00	0.84014	0.84199	0.83784	0.83805
2025.01.28 00:00:00	0.83819	0.8395	0.83787	0.83796
2025.01.29 00:00:00	0.83809	0.83868	0.83632	0.83678
2025.01.30 00:00:00	0.83691	0.83894	0.83591	0.83674
2025.01.31 00:00:00	0.83687	0.83736	0.83538	0.83579
2025.02.02 00:00:00	0.83093	0.83356	0.83084	0.83356
2025.02.03 00:00:00	0.8337	0.8345	0.82909	0.83048
2025.02.04 00:00:00	0.83061	0.83295	0.82966	0.83114
2025.02.05 00:00:00	0.83129	0.83354	0.83036	0.83159
2025.02.06 00:00:00	0.83173	0.83769	0.83146	0.835
2025.02.07 00:00:00	0.83513	0.83547	0.83181	0.83262
2025.02.09 00:00:00	0.8306	0.83196	0.83019	0.83188
2025.02.10 00:00:00	0.83206	0.83352	0.83091	0.8332
2025.02.11 00:00:00	0.83333	0.8352	0.83207	0.83209
2025.02.12 00:00:00	0.83223	0.83552	0.83202	0.83448
2025.02.13 00:00:00	0.83461	0.83554	0.83129	0.83243
2025.02.14 00:00:00	0.83256	0.83372	0.83152	0.8335
2025.02.16 00:00:00	0.83181	0.83339	0.83179	0.83325
2025.02.17 00:00:00	0.83341	0.83382	0.82966	0.83055
2025.02.18 00:00:00	0.83068	0.83086	0.82605	0.82741
2025.02.19 00:00:00	0.82754	0.82888	0.82722	0.82797
2025.02.20 00:00:00	0.82811	0.82912	0.82693	0.8286
2025.02.21 00:00:00	0.82873	0.82912	0.82646	0.828
2025.02.23 00:00:00	0.8278	0.82858	0.82684	0.8278
2025.02.24 00:00:00	0.82798	0.83015	0.8275	0.82891
2025.02.25 00:00:00	0.82906	0.83016	0.82849	0.83001
2025.02.26 00:00:00	0.83015	0.83046	0.82654	0.82687
2025.02.27 00:00:00	0.827	0.82736	0.82418	0.82492
2025.02.28 00:00:00	0.82506	0.82665	0.82416	0.82482
2025.03.02 00:00:00	0.82524	0.82645	0.82524	0.82597
2025.03.03 00:00:00	0.82615	0.8266	0.82473	0.82531
2025.03.04 00:00:00	0.82544	0.83103	0.82534	0.83005
2025.03.05 00:00:00	0.83018	0.838	0.82985	0.83718
2025.03.06 00:00:00	0.83732	0.84101	0.83595	0.83711
2025.03.07 00:00:00	0.83725	0.84172	0.83715	0.83827
2025.03.09 00:00:00	0.83744	0.83963	0.83744	0.83959
2025.03.10 00:00:00	0.83972	0.84187	0.83769	0.84167
2025.03.11 00:00:00	0.8418	0.84487	0.84149	0.843
2025.03.12 00:00:00	0.84312	0.8441	0.83914	0.83946
2025.03.13 00:00:00	0.83959	0.84033	0.83719	0.83758
2025.03.14 00:00:00	0.83771	0.84274	0.83735	0.84094
2025.03.16 00:00:00	0.84091	0.84149	0.84036	0.84139
2025.03.17 00:00:00	0.84138	0.8416	0.83976	0.84069
2025.03.18 00:00:00	0.84083	0.84277	0.8405	0.84123
2025.03.19 00:00:00	0.84136	0.84196	0.83796	0.83847
2025.03.20 00:00:00	0.83861	0.83896	0.83504	0.83692
2025.03.21 00:00:00	0.83705	0.83845	0.83669	0.83714
2025.03.23 00:00:00	0.83733	0.8382	0.83673	0.83814
2025.03.24 00:00:00	0.83827	0.83833	0.83449	0.8357
2025.03.25 00:00:00	0.83584	0.83625	0.83307	0.83324
2025.03.26 00:00:00	0.83337	0.83737	0.83319	0.8339
2025.03.27 00:00:00	0.83404	0.83484	0.83228	0.83375
2025.03.28 00:00:00	0.83388	0.83685	0.83149	0.83677
2025.03.30 00:00:00	0.83608	0.83676	0.83541	0.83638
2025.03.31 00:00:00	0.83653	0.83785	0.83489	0.83725
2025.04.01 00:00:00	0.83724	0.8378	0.83486	0.83531
2025.04.02 00:00:00	0.83532	0.83872	0.83134	0.8358
2025.04.03 00:00:00	0.83579	0.84476	0.83484	0.84376
2025.04.04 00:00:00	0.84378	0.85232	0.8433	0.84969
2025.04.06 00:00:00	0.84715	0.85315	0.84656	0.85075
2025.04.07 00:00:00	0.85076	0.85894	0.84875	0.85713
2025.04.08 00:00:00	0.85715	0.8594	0.8529	0.85846
2025.04.09 00:00:00	0.85845	0.86618	0.85308	0.85381
2025.04.10 00:00:00	0.85382	0.86664	0.85188	0.86648
2025.04.11 00:00:00	0.86646	0.87378	0.86463	0.86795
2025.04.13 00:00:00	0.8645	0.86725	0.86317	0.86679
2025.04.14 00:00:00	0.86677	0.86936	0.85979	0.86055
2025.04.15 00:00:00	0.86054	0.86054	0.85213	0.85351
2025.04.16 00:00:00	0.85352	0.86161	0.85339	0.86111
2025.04.17 00:00:00	0.86112	0.86135	0.85451	0.8566
2025.04.18 00:00:00	0.85661	0.85757	0.85525	0.85597
2025.04.20 00:00:00	0.85703	0.86043	0.85684	0.85985
2025.04.21 00:00:00	0.85984	0.86232	0.85795	0.86048
2025.04.22 00:00:00	0.86049	0.8608	0.85304	0.85513
2025.04.23 00:00:00	0.85515	0.85827	0.85304	0.85403
2025.04.24 00:00:00	0.85401	0.85648	0.85318	0.85324
2025.04.25 00:00:00	0.85324	0.8547	0.85105	0.85352
2025.04.27 00:00:00	0.8533	0.85364	0.85275	0.85358
2025.04.28 00:00:00	0.85359	0.85442	0.84886	0.84905
2025.04.29 00:00:00	0.84904	0.85113	0.84864	0.84928
2025.04.30 00:00:00	0.84929	0.85377	0.84817	0.84995
2025.05.01 00:00:00	0.84997	0.85098	0.84794	0.85021
2025.05.02 00:00:00	0.85021	0.85401	0.84899	0.85149
2025.05.04 00:00:00	0.85141	0.85322	0.85068	0.85309
2025.05.05 00:00:00	0.85309	0.85321	0.85067	0.85107
2025.05.06 00:00:00	0.85105	0.85196	0.84615	0.84922
2025.05.07 00:00:00	0.84922	0.85215	0.8488	0.8504
2025.05.08 00:00:00	0.85039	0.85213	0.84581	0.84795
2025.05.09 00:00:00	0.84793	0.84917	0.84532	0.84535
2025.05.11 00:00:00	0.84353	0.84513	0.84313	0.84508
2025.05.12 00:00:00	0.84508	0.84572	0.84049	0.84191
2025.05.13 00:00:00	0.84192	0.84265	0.84021	0.84076
2025.05.14 00:00:00	0.84077	0.84355	0.8404	0.84299
2025.05.15 00:00:00	0.84297	0.84403	0.84027	0.84122
2025.05.16 00:00:00	0.84124	0.84318	0.83932	0.84035
2025.05.18 00:00:00	0.84068	0.84146	0.84045	0.84088
2025.05.19 00:00:00	0.84085	0.84262	0.84022	0.84074
2025.05.20 00:00:00	0.84074	0.84285	0.84046	0.84252
2025.05.21 00:00:00	0.84254	0.84586	0.84222	0.84431
2025.05.22 00:00:00	0.84429	0.84487	0.8397	0.84067
2025.05.23 00:00:00	0.84069	0.8418	0.83796	0.83916
2025.05.25 00:00:00	0.8393	0.84057	0.8391	0.84015
2025.05.26 00:00:00	0.84016	0.84081	0.83872	0.83948
2025.05.27 00:00:00	0.83947	0.83975	0.83724	0.83884
2025.05.28 00:00:00	0.83886	0.84013	0.8355	0.8362
2025.05.29 00:00:00	0.83622	0.84307	0.83619	0.8427
2025.05.30 00:00:00	0.84272	0.84362	0.84024	0.84329
2025.06.01 00:00:00	0.84194	0.84346	0.8419	0.84287
2025.06.02 00:00:00	0.84289	0.84491	0.84229	0.84475
2025.06.03 00:00:00	0.84474	0.84492	0.84063	0.84127
2025.06.04 00:00:00	0.84127	0.84307	0.84065	0.84275
2025.06.05 00:00:00	0.84277	0.84469	0.84103	0.84341
2025.06.06 00:00:00	0.8434	0.84416	0.84165	0.8423
2025.06.08 00:00:00	0.84207	0.84279	0.84166	0.84254
2025.06.09 00:00:00	0.84253	0.84291	0.84138	0.84291
2025.06.10 00:00:00	0.8429	0.84679	0.84172	0.84668
2025.06.11 00:00:00	0.8467	0.84881	0.84632	0.84828
2025.06.12 00:00:00	0.84825	0.8546	0.84767	0.85172
2025.06.13 00:00:00	0.8517	0.85305	0.84926	0.85097
2025.06.15 00:00:00	0.84936	0.85149	0.84887	0.85148
2025.06.16 00:00:00	0.85149	0.8531	0.85098	0.85146
2025.06.17 00:00:00	0.85147	0.8555	0.85116	0.85495
2025.06.18 00:00:00	0.85495	0.85638	0.85409	0.85544
2025.06.19 00:00:00	0.85543	0.85591	0.85309	0.85412
2025.06.20 00:00:00	0.85409	0.8568	0.85254	0.85656
2025.06.22 00:00:00	0.85418	0.85652	0.85394	0.85587
2025.06.23 00:00:00	0.85589	0.85743	0.85456	0.85616
2025.06.24 00:00:00	0.85617	0.85648	0.85191	0.85283
2025.06.25 00:00:00	0.85281	0.85376	0.85121	0.85336
2025.06.26 00:00:00	0.85339	0.85388	0.85121	0.85186
2025.06.27 00:00:00	0.85188	0.85521	0.85076	0.85411
2025.06.29 00:00:00	0.85442	0.85512	0.85349	0.85473
2025.06.30 00:00:00	0.85474	0.85856	0.85392	0.85831
2025.07.01 00:00:00	0.85829	0.85965	0.85566	0.85875
2025.07.02 00:00:00	0.85876	0.86696	0.85769	0.86435
2025.07.03 00:00:00	0.86435	0.86537	0.86057	0.86114
2025.07.04 00:00:00	0.86115	0.86369	0.86092	0.86278
2025.07.06 00:00:00	0.86196	0.86294	0.86157	0.86289
2025.07.07 00:00:00	0.86288	0.86427	0.85962	0.86143
2025.07.08 00:00:00	0.86142	0.86425	0.86088	0.8629
2025.07.09 00:00:00	0.86292	0.86322	0.86052	0.86313
2025.07.10 00:00:00	0.86312	0.86333	0.86095	0.86162
2025.07.11 00:00:00	0.86163	0.86663	0.86085	0.86642
2025.07.13 00:00:00	0.86362	0.86566	0.86357	0.86559
2025.07.14 00:00:00	0.8656	0.86923	0.86537	0.86867
2025.07.15 00:00:00	0.8687	0.86957	0.86598	0.8666
2025.07.16 00:00:00	0.86661	0.86975	0.86471	0.86759
2025.07.17 00:00:00	0.8676	0.86788	0.8637	0.86472
2025.07.18 00:00:00	0.86474	0.86707	0.86472	0.86672
2025.07.20 00:00:00	0.86568	0.86698	0.86538	0.86684
2025.07.21 00:00:00	0.86683	0.86731	0.86498	0.86691
2025.07.22 00:00:00	0.86689	0.86931	0.86635	0.86805
2025.07.23 00:00:00	0.86805	0.86845	0.86461	0.86698
2025.07.24 00:00:00	0.86697	0.87093	0.86659	0.87011
2025.07.25 00:00:00	0.87009	0.87427	0.86963	0.87365
2025.07.27 00:00:00	0.87405	0.87503	0.87405	0.87472
2025.07.28 00:00:00	0.87473	0.87517	0.86651	0.86793
2025.07.29 00:00:00	0.86792	0.86845	0.86413	0.86493
2025.07.30 00:00:00	0.86495	0.86583	0.86097	0.86205
2025.07.31 00:00:00	0.86206	0.86585	0.86104	0.8647
2025.08.01 00:00:00	0.86469	0.87288	0.86433	0.87254
2025.08.03 00:00:00	0.87196	0.87275	0.87166	0.87177
2025.08.04 00:00:00	0.87175	0.87211	0.86863	0.87104
2025.08.05 00:00:00	0.87102	0.87123	0.86789	0.87059
2025.08.06 00:00:00	0.87062	0.87311	0.8696	0.87307
2025.08.07 00:00:00	0.87308	0.8743	0.8663	0.86801
2025.08.08 00:00:00	0.86803	0.86812	0.86526	0.86529
2025.08.10 00:00:00	0.86505	0.86636	0.86476	0.86635
2025.08.11 00:00:00	0.86636	0.86716	0.86411	0.86464
2025.08.12 00:00:00	0.86466	0.86539	0.86178	0.86466
2025.08.13 00:00:00	0.86464	0.86529	0.86178	0.86207
2025.08.14 00:00:00	0.86206	0.86242	0.85958	0.86103
2025.08.15 00:00:00	0.86101	0.86371	0.86052	0.86338
2025.08.17 00:00:00	0.86316	0.8637	0.86285	0.86348
2025.08.18 00:00:00	0.86349	0.86391	0.86181	0.86372
2025.08.19 00:00:00	0.86373	0.86472	0.86275	0.86324
2025.08.20 00:00:00	0.86323	0.86666	0.86079	0.86523
2025.08.21 00:00:00	0.86525	0.86652	0.86453	0.86542
2025.08.22 00:00:00	0.86544	0.86713	0.86391	0.86649
2025.08.24 00:00:00	0.86632	0.86679	0.86588	0.86666
2025.08.25 00:00:00	0.86664	0.86705	0.86271	0.86317
2025.08.26 00:00:00	0.86318	0.86488	0.86226	0.86344
2025.08.27 00:00:00	0.86345	0.86393	0.86092	0.86246
2025.08.28 00:00:00	0.86247	0.86478	0.86146	0.86448
2025.08.29 00:00:00	0.86449	0.86732	0.8635	0.86526
2025.08.31 00:00:00	0.86561	0.86568	0.86478	0.86565
2025.09.01 00:00:00	0.86564	0.86694	0.86373	0.86472
2025.09.02 00:00:00	0.86473	0.87121	0.86412	0.86925
2025.09.03 00:00:00	0.86924	0.87105	0.8669	0.86751
2025.09.04 00:00:00	0.86753	0.86801	0.86587	0.86699
2025.09.05 00:00:00	0.86698	0.86864	0.86644	0.86748
2025.09.07 00:00:00	0.86659	0.86813	0.86646	0.86799
2025.09.08 00:00:00	0.86798	0.8684	0.8662	0.86829
2025.09.09 00:00:00	0.86827	0.86836	0.86517	0.86545
2025.09.10 00:00:00	0.86546	0.8655	0.86392	0.86464
2025.09.11 00:00:00	0.86466	0.86618	0.86346	0.8643
2025.09.12 00:00:00	0.86432	0.8664	0.86394	0.86529
2025.09.14 00:00:00	0.86476	0.86522	0.86422	0.86513
2025.09.15 00:00:00	0.86512	0.86533	0.86318	0.8648
2025.09.16 00:00:00	0.86479	0.8696	0.86445	0.86944
2025.09.17 00:00:00	0.86946	0.86946	0.8663	0.86755
2025.09.18 00:00:00	0.86758	0.86982	0.86642	0.86965
2025.09.19 00:00:00	0.86964	0.87281	0.86895	0.87187
2025.09.21 00:00:00	0.87134	0.87192	0.87106	0.87169
2025.09.22 00:00:00	0.87168	0.87335	0.87082	0.87313
2025.09.23 00:00:00	0.87315	0.87449	0.87166	0.87357
2025.09.24 00:00:00	0.87359	0.87442	0.87222	0.873
2025.09.25 00:00:00	0.87301	0.87504	0.87221	0.87443
2025.09.26 00:00:00	0.87444	0.87477	0.87204	0.87306
2025.09.28 00:00:00	0.87237	0.87323	0.87217	0.87295
2025.09.29 00:00:00	0.87296	0.87439	0.87148	0.87308
2025.09.30 00:00:00	0.87307	0.87444	0.87224	0.87287
2025.10.01 00:00:00	0.87288	0.87412	0.86891	0.87043
2025.10.02 00:00:00	0.87044	0.87288	0.87012	0.87189
2025.10.03 00:00:00	0.8719	0.8729	0.87064	0.87103
2025.10.05 00:00:00	0.87124	0.87257	0.87084	0.87186
2025.10.06 00:00:00	0.87188	0.8722	0.86732	0.86832
2025.10.07 00:00:00	0.86833	0.8704	0.86762	0.86824
2025.10.08 00:00:00	0.86823	0.86834	0.86555	0.86776
2025.10.09 00:00:00	0.86777	0.86978	0.86738	0.86933
2025.10.10 00:00:00	0.86934	0.87246	0.8691	0.86998
2025.10.12 00:00:00	0.8691	0.87041	0.86867	0.86991
2025.10.13 00:00:00	0.86989	0.87065	0.86727	0.86745
2025.10.14 00:00:00	0.86744	0.87213	0.86662	0.87093
2025.10.15 00:00:00	0.87092	0.87204	0.86831	0.86881
2025.10.16 00:00:00	0.86882	0.87035	0.86637	0.87014
2025.10.17 00:00:00	0.87013	0.87243	0.8676	0.86775
2025.10.19 00:00:00	0.86811	0.86845	0.86758	0.8683
2025.10.20 00:00:00	0.86829	0.86943	0.86756	0.86861
2025.10.21 00:00:00	0.86862	0.86935	0.86695	0.86782
2025.10.22 00:00:00	0.86781	0.87118	0.8675	0.86934
2025.10.23 00:00:00	0.86933	0.87207	0.86812	0.87165
2025.10.24 00:00:00	0.87164	0.87463	0.87054	0.8733
2025.10.26 00:00:00	0.87264	0.87311	0.87224	0.87303
2025.10.27 00:00:00	0.87302	0.87357	0.87195	0.8733
2025.10.28 00:00:00	0.87329	0.87887	0.8725	0.87784
2025.10.29 00:00:00	0.87783	0.8817	0.8777	0.87931
2025.10.30 00:00:00	0.8793	0.88127	0.87883	0.87933
2025.10.31 00:00:00	0.87932	0.88169	0.877	0.87705
2025.11.02 00:00:00	0.87733	0.87779	0.87704	0.87749
2025.11.03 00:00:00	0.87762	0.8783	0.87622	0.87682
2025.11.04 00:00:00	0.87689	0.88205	0.8764	0.88189
2025.11.05 00:00:00	0.88197	0.8829	0.87987	0.88063
2025.11.06 00:00:00	0.8807	0.88178	0.87851	0.87882
2025.11.07 00:00:00	0.87881	0.88156	0.87801	0.87813
2025.11.09 00:00:00	0.87786	0.87857	0.87773	0.87832
2025.11.10 00:00:00	0.87833	0.87939	0.87685	0.87728
2025.11.11 00:00:00	0.87729	0.88123	0.87724	0.88084
2025.11.12 00:00:00	0.88091	0.88377	0.88041	0.88283
2025.11.13 00:00:00	0.88291	0.8847	0.88148	0.8841
2025.11.14 00:00:00	0.88417	0.88644	0.88125	0.88199
2025.11.16 00:00:00	0.88185	0.88263	0.88157	0.88244
2025.11.17 00:00:00	0.88258	0.8828	0.8792	0.88089
2025.11.18 00:00:00	0.88096	0.88231	0.88044	0.88067
2025.11.19 00:00:00	0.88074	0.88396	0.88072	0.8834
2025.11.20 00:00:00	0.88348	0.88362	0.8795	0.88141
2025.11.21 00:00:00	0.88148	0.88303	0.87797	0.87883
2025.11.23 00:00:00	0.87819	0.87885	0.87809	0.87849
2025.11.24 00:00:00	0.87862	0.88191	0.87862	0.87888
2025.11.25 00:00:00	0.87895	0.87981	0.8765	0.87875
2025.11.26 00:00:00	0.87883	0.88176	0.87542	0.87582
2025.11.27 00:00:00	0.87589	0.87695	0.87453	0.87596
2025.11.28 00:00:00	0.87603	0.87706	0.87419	0.87517
2025.11.30 00:00:00	0.87618	0.87643	0.87539	0.87608
2025.12.01 00:00:00	0.87621	0.8793	0.8759	0.87857
2025.12.02 00:00:00	0.87864	0.8801	0.87831	0.87948
2025.12.03 00:00:00	0.87955	0.87983	0.87367	0.87388
2025.12.04 00:00:00	0.87396	0.87533	0.87213	0.87383
2025.12.05 00:00:00	0.87391	0.87408	0.8724	0.87315
2025.12.07 00:00:00	0.873	0.87358	0.87254	0.87332
2025.12.08 00:00:00	0.87346	0.87518	0.87246	0.87334
2025.12.09 00:00:00	0.87341	0.87465	0.872	0.87394
2025.12.10 00:00:00	0.87402	0.87506	0.87274	0.87383
2025.12.11 00:00:00	0.8739	0.877	0.87381	0.8765
2025.12.12 00:00:00	0.87657	0.87914	0.87602	0.87784
2025.12.14 00:00:00	0.87686	0.87799	0.87663	0.87782
2025.12.15 00:00:00	0.87795	0.87871	0.87701	0.87835
2025.12.16 00:00:00	0.87843	0.8795	0.87463	0.875
2025.12.17 00:00:00	0.87507	0.87962	0.87493	0.87782
2025.12.18 00:00:00	0.87789	0.87868	0.87348	0.87593
2025.12.19 00:00:00	0.876	0.87731	0.87497	0.87531
2025.12.21 00:00:00	0.87507	0.87543	0.87469	0.87506
2025.12.22 00:00:00	0.87519	0.87531	0.87256	0.87331
2025.12.23 00:00:00	0.87339	0.87367	0.87195	0.8727
2025.12.24 00:00:00	0.87278	0.87309	0.87163	0.87163
